id,key,path,width,height
1,staff,gameplay/towers/atlas_staff_idle/texture,512,512
2,props,gameplay/maps/atlas_battle_props/texture,512,512
3,enemies,gameplay/enemies/atlas_enemies/texture,512,512
4,scenery,gameplay/maps/atlas_battle_scenery/texture,512,512
5,ui,ui/icons/atlas_battle_ui/texture,512,512
6,staffNew,gameplay/towers/atlas_staff_expansion/texture,512,512
7,enemiesNew,gameplay/enemies/atlas_campaign_enemies/texture,512,512
8,staffEvolution,gameplay/towers/atlas_staff_evolution/texture,1024,512
9,staffEvolutionExpansion,gameplay/towers/atlas_staff_evolution_expansion/texture,1024,1024
10,challengePerks,ui/icons/atlas_challenge_perks/texture,1024,2048
