id,key,target,targetId,source,sha256,seeds,x,y,width,height,threshold,edge,padding
1,skin_87,skin,87,source_assets/art/production/ui_redesign_20261007/skin_sheet.png,582dc911de7fadfe7a589c1710d8299f547fc85b0d3d1a069d67d82526619d53,64:38,27,36,306,304,128,2,8
2,skin_88,skin,88,source_assets/art/production/ui_redesign_20261007/skin_sheet.png,582dc911de7fadfe7a589c1710d8299f547fc85b0d3d1a069d67d82526619d53,427:130,376,128,334,128,128,2,8
3,skin_89,skin,89,source_assets/art/production/ui_redesign_20261007/skin_sheet.png,582dc911de7fadfe7a589c1710d8299f547fc85b0d3d1a069d67d82526619d53,800:129,745,127,319,128,128,2,8
4,skin_90,skin,90,source_assets/art/production/ui_redesign_20261007/skin_sheet.png,582dc911de7fadfe7a589c1710d8299f547fc85b0d3d1a069d67d82526619d53,165:406,29,404,301,298,128,2,8
5,skin_91,skin,91,source_assets/art/production/ui_redesign_20261007/skin_sheet.png,582dc911de7fadfe7a589c1710d8299f547fc85b0d3d1a069d67d82526619d53,410:505,377,503,333,119,128,2,8
6,skin_92,skin,92,source_assets/art/production/ui_redesign_20261007/skin_sheet.png,582dc911de7fadfe7a589c1710d8299f547fc85b0d3d1a069d67d82526619d53,781:509,746,507,318,115,128,2,8
7,skin_93,skin,93,source_assets/art/production/ui_redesign_20261007/skin_sheet.png,582dc911de7fadfe7a589c1710d8299f547fc85b0d3d1a069d67d82526619d53,169:824,89,822,183,183,128,2,8
8,skin_94,skin,94,source_assets/art/production/ui_redesign_20261007/skin_sheet.png,582dc911de7fadfe7a589c1710d8299f547fc85b0d3d1a069d67d82526619d53,419:884,373,882,341,76,128,2,8
9,skin_95,skin,95,source_assets/art/production/ui_redesign_20261007/skin_sheet.png,582dc911de7fadfe7a589c1710d8299f547fc85b0d3d1a069d67d82526619d53,775:865,754,863,302,109,128,2,8
10,skin_96,skin,96,source_assets/art/production/ui_redesign_20261007/skin_sheet.png,582dc911de7fadfe7a589c1710d8299f547fc85b0d3d1a069d67d82526619d53,416:1171,27,1169,490,171,128,2,8
11,skin_97,skin,97,source_assets/art/production/ui_redesign_20261007/skin_sheet.png,582dc911de7fadfe7a589c1710d8299f547fc85b0d3d1a069d67d82526619d53,573:1127,532,1125,227,228,128,2,8
12,skin_98,skin,98,source_assets/art/production/ui_redesign_20261007/skin_sheet.png,582dc911de7fadfe7a589c1710d8299f547fc85b0d3d1a069d67d82526619d53,827:1190,778,1188,282,116,128,2,8
13,skin_100,skin,100,source_assets/art/production/ui_redesign_20261007/icon_sheet.png,2f1faedf9b0c2cf4dd1ce6cca42be79c8ad64b345de442f75dc8eb10ab92b8c8,100:147,24,145,274,242,128,2,8
14,skin_101,skin,101,source_assets/art/production/ui_redesign_20261007/icon_sheet.png,2f1faedf9b0c2cf4dd1ce6cca42be79c8ad64b345de442f75dc8eb10ab92b8c8,494:147,322,145,294,250,128,2,8
15,frame_28,frame,28,source_assets/art/production/ui_redesign_20261007/icon_sheet.png,2f1faedf9b0c2cf4dd1ce6cca42be79c8ad64b345de442f75dc8eb10ab92b8c8,494:147,322,145,294,250,128,2,8
16,skin_102,skin,102,source_assets/art/production/ui_redesign_20261007/icon_sheet.png,2f1faedf9b0c2cf4dd1ce6cca42be79c8ad64b345de442f75dc8eb10ab92b8c8,727:159,634,157,323,235,128,2,8
17,skin_103,skin,103,source_assets/art/production/ui_redesign_20261007/icon_sheet.png,2f1faedf9b0c2cf4dd1ce6cca42be79c8ad64b345de442f75dc8eb10ab92b8c8,1040:137,970,135,259,266,128,2,8
18,skin_104,skin,104,source_assets/art/production/ui_redesign_20261007/icon_sheet.png,2f1faedf9b0c2cf4dd1ce6cca42be79c8ad64b345de442f75dc8eb10ab92b8c8,116:504,18,502,295,277,128,2,8
19,skin_105,skin,105,source_assets/art/production/ui_redesign_20261007/icon_sheet.png,2f1faedf9b0c2cf4dd1ce6cca42be79c8ad64b345de442f75dc8eb10ab92b8c8,406:499,342,497,271,272,128,2,8
20,skin_106,skin,106,source_assets/art/production/ui_redesign_20261007/icon_sheet.png,2f1faedf9b0c2cf4dd1ce6cca42be79c8ad64b345de442f75dc8eb10ab92b8c8,768:505,625,503,341,287,128,2,8
21,skin_107,skin,107,source_assets/art/production/ui_redesign_20261007/icon_sheet.png,2f1faedf9b0c2cf4dd1ce6cca42be79c8ad64b345de442f75dc8eb10ab92b8c8,1101:516,984,514,252,252,128,2,8
22,skin_108,skin,108,source_assets/art/production/ui_redesign_20261007/icon_sheet.png,2f1faedf9b0c2cf4dd1ce6cca42be79c8ad64b345de442f75dc8eb10ab92b8c8,186:872,61,870,209,299,128,2,8
23,frame_26,frame,26,source_assets/art/production/ui_redesign_20261007/icon_sheet.png,2f1faedf9b0c2cf4dd1ce6cca42be79c8ad64b345de442f75dc8eb10ab92b8c8,186:872,61,870,209,299,128,2,8
24,skin_109,skin,109,source_assets/art/production/ui_redesign_20261007/icon_sheet.png,2f1faedf9b0c2cf4dd1ce6cca42be79c8ad64b345de442f75dc8eb10ab92b8c8,520:872,332,870,238,295,128,2,8
25,frame_27,frame,27,source_assets/art/production/ui_redesign_20261007/icon_sheet.png,2f1faedf9b0c2cf4dd1ce6cca42be79c8ad64b345de442f75dc8eb10ab92b8c8,520:872,332,870,238,295,128,2,8
26,skin_110,skin,110,source_assets/art/production/ui_redesign_20261007/icon_sheet.png,2f1faedf9b0c2cf4dd1ce6cca42be79c8ad64b345de442f75dc8eb10ab92b8c8,764:890,635,888,277,276,128,2,8
27,skin_111,skin,111,source_assets/art/production/ui_redesign_20261007/icon_sheet.png,2f1faedf9b0c2cf4dd1ce6cca42be79c8ad64b345de442f75dc8eb10ab92b8c8,1078:890,952,888,276,276,128,2,8
28,skin_112,skin,112,source_assets/art/production/ui_redesign_20261007/goods_sheet.png,564d85df83f313a4a13b2f0315979ac0160e8c444c954e082cf6d7a0d9c82204,227:64,94,62,258,355,128,2,8
29,skin_113,skin,113,source_assets/art/production/ui_redesign_20261007/goods_sheet.png,564d85df83f313a4a13b2f0315979ac0160e8c444c954e082cf6d7a0d9c82204,617:64,425,62,381,358,128,2,8
30,skin_114,skin,114,source_assets/art/production/ui_redesign_20261007/goods_sheet.png,564d85df83f313a4a13b2f0315979ac0160e8c444c954e082cf6d7a0d9c82204,1012:82,853,80,348,334,128,2,8
31,skin_115,skin,115,source_assets/art/production/ui_redesign_20261007/goods_sheet.png,564d85df83f313a4a13b2f0315979ac0160e8c444c954e082cf6d7a0d9c82204,190:481,76,479,296,335,128,2,8
32,skin_116,skin,116,source_assets/art/production/ui_redesign_20261007/goods_sheet.png,564d85df83f313a4a13b2f0315979ac0160e8c444c954e082cf6d7a0d9c82204,649:467,443,465,346,347,128,2,8
33,skin_117,skin,117,source_assets/art/production/ui_redesign_20261007/goods_sheet.png,564d85df83f313a4a13b2f0315979ac0160e8c444c954e082cf6d7a0d9c82204,931:514,841,512,379,305,128,2,8
34,skin_118,skin,118,source_assets/art/production/ui_redesign_20261007/goods_sheet.png,564d85df83f313a4a13b2f0315979ac0160e8c444c954e082cf6d7a0d9c82204,321:925,28,923,422,253,128,2,8
35,skin_119,skin,119,source_assets/art/production/ui_redesign_20261007/goods_sheet.png,564d85df83f313a4a13b2f0315979ac0160e8c444c954e082cf6d7a0d9c82204,617:837,527,835,185,365,128,2,8
36,skin_120,skin,120,source_assets/art/production/ui_redesign_20261007/goods_sheet.png,564d85df83f313a4a13b2f0315979ac0160e8c444c954e082cf6d7a0d9c82204,1054:871,841,869,370,321,128,2,8
37,frame_1,frame,1,source_assets/art/production/ui_redesign_20261007/staff_sheet.png,8e8cb3088431342f5e09dbb87d661a8317f4beeac068e3fa293d70f8f3a9d4a7,214:148,35,146,346,360,128,2,8
38,frame_2,frame,2,source_assets/art/production/ui_redesign_20261007/staff_sheet.png,8e8cb3088431342f5e09dbb87d661a8317f4beeac068e3fa293d70f8f3a9d4a7,577:160,393,158,370,348,128,2,8
39,frame_3,frame,3,source_assets/art/production/ui_redesign_20261007/staff_sheet.png,8e8cb3088431342f5e09dbb87d661a8317f4beeac068e3fa293d70f8f3a9d4a7,970:157,777,155,376,355,128,2,8
40,frame_14,frame,14,source_assets/art/production/ui_redesign_20261007/staff_sheet.png,8e8cb3088431342f5e09dbb87d661a8317f4beeac068e3fa293d70f8f3a9d4a7,1343:176,1165,174,364,341,128,2,8
41,frame_15,frame,15,source_assets/art/production/ui_redesign_20261007/staff_sheet.png,8e8cb3088431342f5e09dbb87d661a8317f4beeac068e3fa293d70f8f3a9d4a7,249:623,25,621,379,323,128,2,8
42,frame_16,frame,16,source_assets/art/production/ui_redesign_20261007/staff_sheet.png,8e8cb3088431342f5e09dbb87d661a8317f4beeac068e3fa293d70f8f3a9d4a7,601:597,401,595,372,350,128,2,8
43,frame_17,frame,17,source_assets/art/production/ui_redesign_20261007/staff_sheet.png,8e8cb3088431342f5e09dbb87d661a8317f4beeac068e3fa293d70f8f3a9d4a7,963:609,777,607,376,338,128,2,8
44,frame_18,frame,18,source_assets/art/production/ui_redesign_20261007/staff_sheet.png,8e8cb3088431342f5e09dbb87d661a8317f4beeac068e3fa293d70f8f3a9d4a7,1324:621,1168,619,354,320,128,2,8
45,frame_8,frame,8,source_assets/art/production/ui_redesign_20261007/enemy_sheet.png,2a802edc30fd5c2e6594474035e36a5f63353f6cb5c6e63628aa3d64067e96ad,169:62,37,60,437,421,128,2,8
46,frame_11,frame,11,source_assets/art/production/ui_redesign_20261007/enemy_sheet.png,2a802edc30fd5c2e6594474035e36a5f63353f6cb5c6e63628aa3d64067e96ad,169:62,37,60,437,421,128,2,8
47,frame_9,frame,9,source_assets/art/production/ui_redesign_20261007/enemy_sheet.png,2a802edc30fd5c2e6594474035e36a5f63353f6cb5c6e63628aa3d64067e96ad,770:42,541,40,449,444,128,2,8
48,frame_12,frame,12,source_assets/art/production/ui_redesign_20261007/enemy_sheet.png,2a802edc30fd5c2e6594474035e36a5f63353f6cb5c6e63628aa3d64067e96ad,770:42,541,40,449,444,128,2,8
49,frame_19,frame,19,source_assets/art/production/ui_redesign_20261007/enemy_sheet.png,2a802edc30fd5c2e6594474035e36a5f63353f6cb5c6e63628aa3d64067e96ad,1269:44,1051,42,448,444,128,2,8
50,frame_20,frame,20,source_assets/art/production/ui_redesign_20261007/enemy_sheet.png,2a802edc30fd5c2e6594474035e36a5f63353f6cb5c6e63628aa3d64067e96ad,283:548,35,546,444,416,128,2,8
51,frame_21,frame,21,source_assets/art/production/ui_redesign_20261007/enemy_sheet.png,2a802edc30fd5c2e6594474035e36a5f63353f6cb5c6e63628aa3d64067e96ad,808:552,533,550,448,409,128,2,8
52,frame_10,frame,10,source_assets/art/production/ui_redesign_20261007/enemy_sheet.png,2a802edc30fd5c2e6594474035e36a5f63353f6cb5c6e63628aa3d64067e96ad,1200:576,1029,574,474,381,128,2,8
53,frame_13,frame,13,source_assets/art/production/ui_redesign_20261007/enemy_sheet.png,2a802edc30fd5c2e6594474035e36a5f63353f6cb5c6e63628aa3d64067e96ad,1200:576,1029,574,474,381,128,2,8
54,frame_5,frame,5,source_assets/art/production/ui_redesign_20261007/scenery_sheet.png,40e24e6518366676ce78de263bb55cf6e969db017af4715a3be14367f1f2fa23,141:155,44,153,309,313,128,2,8
55,frame_6,frame,6,source_assets/art/production/ui_redesign_20261007/scenery_sheet.png,40e24e6518366676ce78de263bb55cf6e969db017af4715a3be14367f1f2fa23,560:151,427,149,328,310,128,2,8
56,frame_7,frame,7,source_assets/art/production/ui_redesign_20261007/scenery_sheet.png,40e24e6518366676ce78de263bb55cf6e969db017af4715a3be14367f1f2fa23,955:144,825,142,263,317,128,2,8
57,frame_32,frame,32,source_assets/art/production/ui_redesign_20261007/scenery_sheet.png,40e24e6518366676ce78de263bb55cf6e969db017af4715a3be14367f1f2fa23,1332:71,1169,69,322,413,128,2,8
58,frame_35,frame,35,source_assets/art/production/ui_redesign_20261007/scenery_sheet.png,40e24e6518366676ce78de263bb55cf6e969db017af4715a3be14367f1f2fa23,1332:71,1169,69,322,413,128,2,8
59,frame_31,frame,31,source_assets/art/production/ui_redesign_20261007/scenery_sheet.png,40e24e6518366676ce78de263bb55cf6e969db017af4715a3be14367f1f2fa23,167:627,23,625,351,289,128,2,8
60,frame_29,frame,29,source_assets/art/production/ui_redesign_20261007/scenery_sheet.png,40e24e6518366676ce78de263bb55cf6e969db017af4715a3be14367f1f2fa23,526:607,394,605,357,308,128,2,8
61,frame_33,frame,33,source_assets/art/production/ui_redesign_20261007/scenery_sheet.png,40e24e6518366676ce78de263bb55cf6e969db017af4715a3be14367f1f2fa23,526:607,394,605,357,308,128,2,8
62,frame_30,frame,30,source_assets/art/production/ui_redesign_20261007/scenery_sheet.png,40e24e6518366676ce78de263bb55cf6e969db017af4715a3be14367f1f2fa23,911:605,796,603,334,331,128,2,8
63,frame_34,frame,34,source_assets/art/production/ui_redesign_20261007/scenery_sheet.png,40e24e6518366676ce78de263bb55cf6e969db017af4715a3be14367f1f2fa23,911:605,796,603,334,331,128,2,8
64,frame_4,frame,4,source_assets/art/production/ui_redesign_20261007/scenery_sheet.png,40e24e6518366676ce78de263bb55cf6e969db017af4715a3be14367f1f2fa23,1320:684,1167,682,339,232,128,2,8
65,frame_22,frame,22,source_assets/art/production/ui_redesign_20261007/boss_sheet.png,d4a770b9442e3d1ab15ed64bddc2d4164afef6156c5b32b4e84cfa439484c63d,409:65,84,63,528,549,128,2,8
66,frame_23,frame,23,source_assets/art/production/ui_redesign_20261007/boss_sheet.png,d4a770b9442e3d1ab15ed64bddc2d4164afef6156c5b32b4e84cfa439484c63d,897:36,653,34,501,577,128,2,8
67,frame_24,frame,24,source_assets/art/production/ui_redesign_20261007/boss_sheet.png,d4a770b9442e3d1ab15ed64bddc2d4164afef6156c5b32b4e84cfa439484c63d,414:633,58,631,595,577,128,2,8
68,frame_25,frame,25,source_assets/art/production/ui_redesign_20261007/boss_sheet.png,d4a770b9442e3d1ab15ed64bddc2d4164afef6156c5b32b4e84cfa439484c63d,931:660,662,658,527,544,128,2,8
69,frame_36,frame,36,source_assets/art/production/ui_redesign_20261007/evoA.png,c23c212ca065e45bbe2a2310bdbfc744c063942e7c4faeee8963420fe78b91dd,160:143,8,141,391,371,128,2,8
70,frame_38,frame,38,source_assets/art/production/ui_redesign_20261007/evoA.png,c23c212ca065e45bbe2a2310bdbfc744c063942e7c4faeee8963420fe78b91dd,579:150,403,148,369,361,128,2,8
71,frame_40,frame,40,source_assets/art/production/ui_redesign_20261007/evoA.png,c23c212ca065e45bbe2a2310bdbfc744c063942e7c4faeee8963420fe78b91dd,927:115,770,113,376,399,128,2,8
72,frame_42,frame,42,source_assets/art/production/ui_redesign_20261007/evoA.png,c23c212ca065e45bbe2a2310bdbfc744c063942e7c4faeee8963420fe78b91dd,1322:151,1157,149,375,363,128,2,8
73,frame_44,frame,44,source_assets/art/production/ui_redesign_20261007/evoA.png,c23c212ca065e45bbe2a2310bdbfc744c063942e7c4faeee8963420fe78b91dd,224:587,8,585,401,348,128,2,8
74,frame_46,frame,46,source_assets/art/production/ui_redesign_20261007/evoA.png,c23c212ca065e45bbe2a2310bdbfc744c063942e7c4faeee8963420fe78b91dd,593:540,405,538,370,397,128,2,8
75,frame_48,frame,48,source_assets/art/production/ui_redesign_20261007/evoA.png,c23c212ca065e45bbe2a2310bdbfc744c063942e7c4faeee8963420fe78b91dd,920:569,777,567,399,367,128,2,8
76,frame_50,frame,50,source_assets/art/production/ui_redesign_20261007/evoA.png,c23c212ca065e45bbe2a2310bdbfc744c063942e7c4faeee8963420fe78b91dd,1312:596,1156,594,371,340,128,2,8
77,frame_37,frame,37,source_assets/art/production/ui_redesign_20261007/evoB.png,17b4b75d04464713b692d8a2e721a46969812a46972695fd1811511fde71cf73,211:215,13,213,402,303,128,2,8
78,frame_39,frame,39,source_assets/art/production/ui_redesign_20261007/evoB.png,17b4b75d04464713b692d8a2e721a46969812a46972695fd1811511fde71cf73,605:203,418,201,343,315,128,2,8
79,frame_41,frame,41,source_assets/art/production/ui_redesign_20261007/evoB.png,17b4b75d04464713b692d8a2e721a46969812a46972695fd1811511fde71cf73,908:183,764,181,388,336,128,2,8
80,frame_43,frame,43,source_assets/art/production/ui_redesign_20261007/evoB.png,17b4b75d04464713b692d8a2e721a46969812a46972695fd1811511fde71cf73,1270:211,1158,209,369,321,128,2,8
81,frame_45,frame,45,source_assets/art/production/ui_redesign_20261007/evoB.png,17b4b75d04464713b692d8a2e721a46969812a46972695fd1811511fde71cf73,222:566|411:651,12,564,421,325,128,2,8
82,frame_47,frame,47,source_assets/art/production/ui_redesign_20261007/evoB.png,17b4b75d04464713b692d8a2e721a46969812a46972695fd1811511fde71cf73,554:576|738:645,401,574,385,313,128,2,8
83,frame_49,frame,49,source_assets/art/production/ui_redesign_20261007/evoB.png,17b4b75d04464713b692d8a2e721a46969812a46972695fd1811511fde71cf73,934:564,771,562,325,328,128,2,8
84,frame_51,frame,51,source_assets/art/production/ui_redesign_20261007/evoB.png,17b4b75d04464713b692d8a2e721a46969812a46972695fd1811511fde71cf73,1312:591,1134,589,390,302,128,2,8
85,frame_52,frame,52,source_assets/art/production/ui_redesign_20261007/perksA.png,728d46d99a6d34a4175370ad781ebc8a3f5d092741758adf655400d4de14587f,259:42|175:52|266:125|242:199,29,40,278,257,128,2,8
86,frame_53,frame,53,source_assets/art/production/ui_redesign_20261007/perksA.png,728d46d99a6d34a4175370ad781ebc8a3f5d092741758adf655400d4de14587f,465:37|577:97,346,35,265,265,128,2,8
87,frame_54,frame,54,source_assets/art/production/ui_redesign_20261007/perksA.png,728d46d99a6d34a4175370ad781ebc8a3f5d092741758adf655400d4de14587f,704:38|790:62|665:129|857:242,652,36,276,260,128,2,8
88,frame_55,frame,55,source_assets/art/production/ui_redesign_20261007/perksA.png,728d46d99a6d34a4175370ad781ebc8a3f5d092741758adf655400d4de14587f,1193:39|1042:56,952,37,279,260,128,2,8
89,frame_56,frame,56,source_assets/art/production/ui_redesign_20261007/perksA.png,728d46d99a6d34a4175370ad781ebc8a3f5d092741758adf655400d4de14587f,142:341|276:383|35:465,28,339,276,264,128,2,8
90,frame_57,frame,57,source_assets/art/production/ui_redesign_20261007/perksA.png,728d46d99a6d34a4175370ad781ebc8a3f5d092741758adf655400d4de14587f,483:331|568:356|385:370|582:530|353:550,342,329,255,275,128,2,8
91,frame_58,frame,58,source_assets/art/production/ui_redesign_20261007/perksA.png,728d46d99a6d34a4175370ad781ebc8a3f5d092741758adf655400d4de14587f,838:329|762:337|695:402|672:444,665,327,248,289,128,2,8
92,frame_59,frame,59,source_assets/art/production/ui_redesign_20261007/perksA.png,728d46d99a6d34a4175370ad781ebc8a3f5d092741758adf655400d4de14587f,1096:337|1187:406|980:527,952,335,277,275,128,2,8
93,frame_60,frame,60,source_assets/art/production/ui_redesign_20261007/perksA.png,728d46d99a6d34a4175370ad781ebc8a3f5d092741758adf655400d4de14587f,91:649,33,647,265,255,128,2,8
94,frame_61,frame,61,source_assets/art/production/ui_redesign_20261007/perksA.png,728d46d99a6d34a4175370ad781ebc8a3f5d092741758adf655400d4de14587f,463:651|434:662|504:662|355:701,324,649,293,234,128,2,8
95,frame_62,frame,62,source_assets/art/production/ui_redesign_20261007/perksA.png,728d46d99a6d34a4175370ad781ebc8a3f5d092741758adf655400d4de14587f,786:648|873:659|684:693|884:748,660,646,248,267,128,2,8
96,frame_63,frame,63,source_assets/art/production/ui_redesign_20261007/perksA.png,728d46d99a6d34a4175370ad781ebc8a3f5d092741758adf655400d4de14587f,1084:653|1025:679|983:723,961,651,260,263,128,2,8
97,frame_64,frame,64,source_assets/art/production/ui_redesign_20261007/perksA.png,728d46d99a6d34a4175370ad781ebc8a3f5d092741758adf655400d4de14587f,136:927,37,925,251,278,128,2,8
98,frame_65,frame,65,source_assets/art/production/ui_redesign_20261007/perksA.png,728d46d99a6d34a4175370ad781ebc8a3f5d092741758adf655400d4de14587f,439:978|494:1068,317,976,305,178,128,2,8
99,frame_66,frame,66,source_assets/art/production/ui_redesign_20261007/perksA.png,728d46d99a6d34a4175370ad781ebc8a3f5d092741758adf655400d4de14587f,773:950,661,948,259,257,128,2,8
100,frame_67,frame,67,source_assets/art/production/ui_redesign_20261007/perksA.png,728d46d99a6d34a4175370ad781ebc8a3f5d092741758adf655400d4de14587f,1150:943|1004:1017|1196:1019,971,941,245,267,128,2,8
101,frame_68,frame,68,source_assets/art/production/ui_redesign_20261007/perksB.png,c86c19b27219843d785bb8992476c2ebc3763ebbb3562aaaa630a6dfd9e1245a,126:48,42,46,266,257,128,2,8
102,frame_69,frame,69,source_assets/art/production/ui_redesign_20261007/perksB.png,c86c19b27219843d785bb8992476c2ebc3763ebbb3562aaaa630a6dfd9e1245a,435:46,337,44,292,266,128,2,8
103,frame_70,frame,70,source_assets/art/production/ui_redesign_20261007/perksB.png,c86c19b27219843d785bb8992476c2ebc3763ebbb3562aaaa630a6dfd9e1245a,797:52|713:78|851:96|916:165|922:197,653,50,278,268,128,2,8
104,frame_71,frame,71,source_assets/art/production/ui_redesign_20261007/perksB.png,c86c19b27219843d785bb8992476c2ebc3763ebbb3562aaaa630a6dfd9e1245a,1099:39|1172:66|1023:77|1201:90,964,37,250,282,128,2,8
105,frame_72,frame,72,source_assets/art/production/ui_redesign_20261007/perksB.png,c86c19b27219843d785bb8992476c2ebc3763ebbb3562aaaa630a6dfd9e1245a,231:357,35,355,272,244,128,2,8
106,frame_73,frame,73,source_assets/art/production/ui_redesign_20261007/perksB.png,c86c19b27219843d785bb8992476c2ebc3763ebbb3562aaaa630a6dfd9e1245a,354:340,342,338,268,257,128,2,8
107,frame_74,frame,74,source_assets/art/production/ui_redesign_20261007/perksB.png,c86c19b27219843d785bb8992476c2ebc3763ebbb3562aaaa630a6dfd9e1245a,840:352|684:379|896:398,635,350,295,238,128,2,8
108,frame_75,frame,75,source_assets/art/production/ui_redesign_20261007/perksB.png,c86c19b27219843d785bb8992476c2ebc3763ebbb3562aaaa630a6dfd9e1245a,1054:355|1200:366|1168:387|1177:412|1194:468|1146:483,951,353,282,251,128,2,8
109,frame_76,frame,76,source_assets/art/production/ui_redesign_20261007/perksB.png,c86c19b27219843d785bb8992476c2ebc3763ebbb3562aaaa630a6dfd9e1245a,101:631|165:631|204:668|59:771|105:833|142:840,26,629,293,279,128,2,8
110,frame_77,frame,77,source_assets/art/production/ui_redesign_20261007/perksB.png,c86c19b27219843d785bb8992476c2ebc3763ebbb3562aaaa630a6dfd9e1245a,357:633|603:718|617:754,347,631,281,268,128,2,8
111,frame_78,frame,78,source_assets/art/production/ui_redesign_20261007/perksB.png,c86c19b27219843d785bb8992476c2ebc3763ebbb3562aaaa630a6dfd9e1245a,731:626,642,624,289,294,128,2,8
112,frame_79,frame,79,source_assets/art/production/ui_redesign_20261007/perksB.png,c86c19b27219843d785bb8992476c2ebc3763ebbb3562aaaa630a6dfd9e1245a,1187:661|1030:707|1000:735,984,659,232,254,128,2,8
113,frame_80,frame,80,source_assets/art/production/ui_redesign_20261007/perksB.png,c86c19b27219843d785bb8992476c2ebc3763ebbb3562aaaa630a6dfd9e1245a,260:924|199:942|312:983|297:1020,30,922,299,294,128,2,8
114,frame_81,frame,81,source_assets/art/production/ui_redesign_20261007/perksB.png,c86c19b27219843d785bb8992476c2ebc3763ebbb3562aaaa630a6dfd9e1245a,483:960|566:972,320,958,315,256,128,2,8
115,frame_82,frame,82,source_assets/art/production/ui_redesign_20261007/perksB.png,c86c19b27219843d785bb8992476c2ebc3763ebbb3562aaaa630a6dfd9e1245a,766:949|659:966|693:1111|707:1149,643,947,300,264,128,2,8
116,frame_83,frame,83,source_assets/art/production/ui_redesign_20261007/perksB.png,c86c19b27219843d785bb8992476c2ebc3763ebbb3562aaaa630a6dfd9e1245a,1166:953|1063:958|1194:975,952,951,278,264,128,2,8
117,skin_85,skin,85,source_assets/art/production/ui_redesign_20261007/home_background.png,4cc8de79c57c5ed3e1a5230d82899d452c30aaacc3944baaa005885d9fc611fa,,0,0,941,1672,128,2,0
118,skin_86,skin,86,source_assets/art/production/ui_redesign_20261007/loading_background.png,332e843861a45628cf1dd461accf4aa73f8eb43db961ce4111a36dc164844cb3,,0,0,941,1672,128,2,0
119,skin_121,skin,121,source_assets/art/production/ui_redesign_20261007/ground_tile.png,6da3bdd707b3a991abe224f391c0b0df9edd0fc19e98184fdee2d4ea6fd93fb1,,0,0,1254,1254,128,2,0
120,skin_99,skin,99,source_assets/art/production/ui_redesign_20261007/book_frame.png,f11f5354f97c4ad70975f2737c69bf1691e5d848b1a3295e347facdecb9d041f,,0,0,1086,1448,128,2,0
