id,atlas,x,y,width,height,battle,menu,ui,scenery
1,staff,8,8,192,192,doubao,sprout,sprout,
2,staff,216,8,192,192,mianmian,frost,frost,
3,staff,8,216,192,192,buding,bloom,bloom,
4,props,8,8,192,192,pad,,,
5,props,216,8,192,192,crate,,,
6,props,8,216,192,192,basket,,,
7,props,216,216,192,192,plant,,,
8,enemies,4,4,168,168,enemy_normal,enemy_normal,,
9,enemies,172,4,168,168,enemy_swift,enemy_swift,,
10,enemies,340,4,168,168,enemy_tank,enemy_tank,,
11,enemies,4,172,168,168,enemy_normal_hit,,,
12,enemies,172,172,168,168,enemy_swift_hit,,,
13,enemies,340,172,168,168,enemy_tank_hit,,,
14,staffNew,16,16,160,160,scope,scope,scope,
15,staffNew,176,16,160,160,spark,spark,spark,
16,staffNew,336,16,160,160,ember,ember,ember,
17,staffNew,16,176,160,160,mint,mint,mint,
18,staffNew,176,176,160,160,fan,fan,fan,
19,enemiesNew,16,16,160,160,enemy_shield,enemy_shield,,
20,enemiesNew,176,16,160,160,enemy_jelly,enemy_jelly,,
21,enemiesNew,336,16,160,160,enemy_runner,enemy_runner,,
22,enemiesNew,16,176,160,160,enemy_postmaster,enemy_postmaster,,
23,enemiesNew,176,176,160,160,enemy_lantern,enemy_lantern,,
24,enemiesNew,336,176,160,160,enemy_chef,enemy_chef,,
25,enemiesNew,16,336,160,160,enemy_clock,enemy_clock,,
26,ui,8,8,192,192,,,freeze,
27,ui,216,8,192,192,,,clear,
28,ui,8,216,192,192,,,cash,
29,scenery,0,0,256,224,,,,entry
30,scenery,256,0,256,224,,,,goal
31,scenery,0,224,192,192,,,,planter
32,scenery,192,224,160,224,,,,tree
33,scenery,16,0,224,224,,entry,,
34,scenery,272,0,224,224,,shop,,
35,scenery,192,224,224,224,,tree,,
36,staffEvolution,0,0,256,256,sprout_heavy,sprout_heavy,sprout_heavy,
37,staffEvolution,256,0,256,256,sprout_burst,sprout_burst,sprout_burst,
38,staffEvolution,512,0,256,256,frost_deep,frost_deep,frost_deep,
39,staffEvolution,0,256,256,256,frost_dual,frost_dual,frost_dual,
40,staffEvolution,256,256,256,256,bloom_focus,bloom_focus,bloom_focus,
41,staffEvolution,512,256,256,256,bloom_wide,bloom_wide,bloom_wide,
42,staffEvolutionExpansion,0,0,256,256,scope_precision,scope_precision,scope_precision,
43,staffEvolutionExpansion,256,0,256,256,scope_pierce,scope_pierce,scope_pierce,
44,staffEvolutionExpansion,512,0,256,256,spark_focus,spark_focus,spark_focus,
45,staffEvolutionExpansion,768,0,256,256,spark_chain,spark_chain,spark_chain,
46,staffEvolutionExpansion,0,256,256,256,ember_scorch,ember_scorch,ember_scorch,
47,staffEvolutionExpansion,256,256,256,256,ember_burst,ember_burst,ember_burst,
48,staffEvolutionExpansion,512,256,256,256,mint_focus,mint_focus,mint_focus,
49,staffEvolutionExpansion,768,256,256,256,mint_dual,mint_dual,mint_dual,
50,staffEvolutionExpansion,0,512,256,256,fan_spread,fan_spread,fan_spread,
51,staffEvolutionExpansion,256,512,256,256,fan_volley,fan_volley,fan_volley,
