id,key,category,staffKey,nameKey,descriptionKey,iconKey,params,condition,maxWave,exclusive
1,S01,S,sprout,perk.S01.name,perk.S01.desc,perk_S01,"{""every"":3,""shots"":3,""ratio"":0.7}",,13,
2,S02,S,frost,perk.S02.name,perk.S02.desc,perk_S02,"{""radius"":80,""count"":2,""seconds"":1.5}",,13,
3,S03,S,bloom,perk.S03.name,perk.S03.desc,perk_S03,"{""every"":3,""delay"":0.35,""ratio"":0.8}",,13,
4,S04,S,scope,perk.S04.name,perk.S04.desc,perk_S04,"{""ratio"":0.6}",,13,
5,S05,S,spark,perk.S05.name,perk.S05.desc,perk_S05,"{""every"":3,""ratio"":0.6}",,13,
6,S06,S,ember,perk.S06.name,perk.S06.desc,perk_S06,"{""radius"":65,""ratio"":2}",,13,
7,S07,S,mint,perk.S07.name,perk.S07.desc,perk_S07,"{""radius"":100,""count"":2,""seconds"":2,""generations"":3}",,13,
8,S08,S,fan,perk.S08.name,perk.S08.desc,perk_S08,"{""radius"":65,""ratio"":0.6}",,13,
9,G01,G,,perk.G01.name,perk.G01.desc,perk_G01,"{""seconds"":6,""rate"":-0.35}",,13,
10,G02,G,,perk.G02.name,perk.G02.desc,perk_G02,"{""radius"":90,""damage"":0.25}",,13,
11,G03,G,,perk.G03.name,perk.G03.desc,perk_G03,"{""radius"":90,""damage"":0.5,""range"":-0.1}",,13,
12,G04,G,,perk.G04.name,perk.G04.desc,perk_G04,"{""step"":100,""damage"":0.1,""cap"":0.4}",,13,
13,G05,G,,perk.G05.name,perk.G05.desc,perk_G05,"{""damage"":0.25,""range"":0.15}",,13,
14,G06,G,,perk.G06.name,perk.G06.desc,perk_G06,"{""damage"":0.35}",,13,
15,E01,E,,perk.E01.name,perk.E01.desc,perk_E01,"{""coins"":200}",,13,
16,E02,E,,perk.E02.name,perk.E02.desc,perk_E02,"{""waves"":5,""ratio"":0.15,""cap"":75}",,7,
17,E03,E,,perk.E03.name,perk.E03.desc,perk_E03,"{""charges"":3}",space,13,
18,E04,E,,perk.E04.name,perk.E04.desc,perk_E04,"{""charges"":2}",evolve,13,
19,E05,E,,perk.E05.name,perk.E05.desc,perk_E05,"{""coins"":60,""reward"":30}",obstacles,13,
20,E06,E,,perk.E06.name,perk.E06.desc,perk_E06,"{""ratio"":0.25}",,10,
21,X01,X,,perk.X01.name,perk.X01.desc,perk_X01,"{""progress"":0.3}",,13,
22,X02,X,,perk.X02.name,perk.X02.desc,perk_X02,"{""shield"":2}",,13,
23,X03,X,,perk.X03.name,perk.X03.desc,perk_X03,"{""count"":3,""progress"":0.8,""ratio"":0.4,""seconds"":2}",,13,
24,X04,X,,perk.X04.name,perk.X04.desc,perk_X04,"{""coins"":100,""rate"":-0.25,""seconds"":4}",,13,
25,X05,X,,perk.X05.name,perk.X05.desc,perk_X05,"{""radius"":100,""ratio"":0.35}",obstacles,13,
26,X06,X,,perk.X06.name,perk.X06.desc,perk_X06,"{""damage"":0.8}",,13,
27,F01,F,,perk.F01.name,perk.F01.desc,perk_F01,"{""damage"":0.8,""range"":0.15,""rate"":0.2,""scale"":1.35}",,13,F02
28,F02,F,,perk.F02.name,perk.F02.desc,perk_F02,"{""rate"":-0.25,""damage"":-0.1,""scale"":0.8}",,13,F01
29,F03,F,,perk.F03.name,perk.F03.desc,perk_F03,"{""every"":12,""limit"":3,""coins"":20,""damage"":100,""radius"":80,""ratio"":0.4,""seconds"":2}",,13,
30,F04,F,,perk.F04.name,perk.F04.desc,perk_F04,"{""every"":24,""damage"":100,""count"":8,""cooldown"":8,""speed"":240,""seconds"":6,""radius"":24}",,13,
31,F05,F,,perk.F05.name,perk.F05.desc,perk_F05,"{""interval"":10,""count"":3,""delay"":0.6,""radius"":40,""damage"":80}",,13,
32,F06,F,,perk.F06.name,perk.F06.desc,perk_F06,"{""hp"":2,""reward"":4}",,13,
