id,key,tab,kind,imageKey,category,traits,story
1,enemy-normal,enemies,normal,enemy_normal,collection.enemy-normal.category,collection.enemy-normal.traits,collection.enemy-normal.story
2,enemy-swift,enemies,swift,enemy_swift,collection.enemy-swift.category,collection.enemy-swift.traits,collection.enemy-swift.story
3,enemy-tank,enemies,tank,enemy_tank,collection.enemy-tank.category,collection.enemy-tank.traits,collection.enemy-tank.story
4,staff-doubao,staff,sprout,sprout,collection.staff-doubao.category,collection.staff-doubao.traits,collection.staff-doubao.story
5,staff-mianmian,staff,frost,frost,collection.staff-mianmian.category,collection.staff-mianmian.traits,collection.staff-mianmian.story
6,staff-buding,staff,bloom,bloom,collection.staff-buding.category,collection.staff-buding.traits,collection.staff-buding.story
7,enemy-shield,enemies,shield,enemy_shield,collection.enemy-shield.category,collection.enemy-shield.traits,collection.enemy-shield.story
8,enemy-jelly,enemies,jelly,enemy_jelly,collection.enemy-jelly.category,collection.enemy-jelly.traits,collection.enemy-jelly.story
9,enemy-runner,enemies,runner,enemy_runner,collection.enemy-runner.category,collection.enemy-runner.traits,collection.enemy-runner.story
10,boss-postmaster,bosses,postmaster,enemy_postmaster,collection.boss-postmaster.category,collection.boss-postmaster.traits,collection.boss-postmaster.story
11,boss-fog-guest,bosses,lantern,enemy_lantern,collection.boss-fog-guest.category,collection.boss-fog-guest.traits,collection.boss-fog-guest.story
12,boss-midnight-leader,bosses,chef,enemy_chef,collection.boss-midnight-leader.category,collection.boss-midnight-leader.traits,collection.boss-midnight-leader.story
13,boss-clock,bosses,clock,enemy_clock,collection.boss-clock.category,collection.boss-clock.traits,collection.boss-clock.story
14,staff-scope,staff,scope,scope,collection.staff-scope.category,collection.staff-scope.traits,collection.staff-scope.story
15,staff-spark,staff,spark,spark,collection.staff-spark.category,collection.staff-spark.traits,collection.staff-spark.story
16,staff-ember,staff,ember,ember,collection.staff-ember.category,collection.staff-ember.traits,collection.staff-ember.story
17,staff-mint,staff,mint,mint,collection.staff-mint.category,collection.staff-mint.traits,collection.staff-mint.story
18,staff-fan,staff,fan,fan,collection.staff-fan.category,collection.staff-fan.traits,collection.staff-fan.story
