id,mapId,kind,x,y,width,height,groupId
1,1,tree,196,128,40,56,1
2,1,planter,248,132,48,48,1
3,1,tree,30,298,40,56,2
4,1,planter,354,484,48,48,3
5,2,tree,54,526,40,56,1
6,2,planter,106,530,48,48,1
7,2,tree,352,380,40,56,2
8,2,planter,352,442,48,48,2
9,3,planter,354,108,48,48,1
10,3,planter,36,576,48,48,2
11,4,tree,56,528,40,56,1
12,4,planter,108,532,48,48,1
13,4,tree,352,370,40,56,2
14,4,planter,352,438,48,48,2
15,5,tree,64,550,40,56,1
16,5,planter,116,554,48,48,1
17,5,tree,354,142,40,56,2
18,5,planter,354,204,48,48,2
19,6,tree,52,120,40,56,1
20,6,planter,104,124,48,48,1
21,6,tree,278,132,40,56,2
22,6,planter,330,136,48,48,2
23,6,planter,30,360,48,48,3
24,7,tree,304,304,40,56,1
25,7,planter,356,308,48,48,1
26,7,tree,32,484,40,56,2
27,7,planter,84,488,48,48,2
28,8,tree,64,550,40,56,1
29,8,planter,116,554,48,48,1
30,8,tree,350,380,40,56,2
31,8,planter,354,444,48,48,2
32,8,planter,120,120,48,48,3
33,9,tree,46,550,40,56,1
34,9,planter,98,554,48,48,1
35,9,tree,330,370,40,56,2
36,9,planter,330,432,48,48,2
37,9,planter,52,196,48,48,3
38,10,tree,64,550,40,56,1
39,10,planter,116,554,48,48,1
40,10,tree,352,370,40,56,2
41,10,planter,352,434,48,48,2
42,10,tree,52,212,40,56,3
43,11,planter,32,575,48,48,3
44,11,tree,84,571,40,56,3
45,12,planter,32,575,48,48,3
46,13,tree,30,115,40,56,1
47,13,planter,80,120,48,48,1
48,13,planter,354,330,48,48,6
49,14,tree,355,115,40,56,2
50,14,planter,32,575,48,48,3
51,14,tree,84,571,40,56,3
52,15,planter,32,575,48,48,3
53,17,tree,30,115,40,56,1
54,17,planter,80,120,48,48,1
55,19,planter,32,575,48,48,3
56,19,planter,354,330,48,48,6
57,20,planter,354,330,48,48,6
