id,key,hp,speed,reward,radius,color,damage,name,boss,clearRatio,legacyUnlock,spriteHeight,spriteScale
1,normal,58,38,8,15,#9a77bd,1,enemy.normal.name,,1,1,52,1
2,swift,44,62,11,13,#e5aa54,1,enemy.swift.name,,1,1,48,1
3,tank,190,25,22,19,#8a705c,2,enemy.tank.name,,0.45,1,68,1
4,shield,122,32,18,16,#8fa9a4,1,enemy.shield.name,,1,0,67,1
5,jelly,98,35,17,15,#87b873,1,enemy.jelly.name,,1,0,63,1
6,runner,72,72,16,14,#82a9d7,1,enemy.runner.name,,1,0,64,1
7,postmaster,650,23,90,23,#b88860,9,enemy.postmaster.name,mini,0.18,0,88,1.5
8,lantern,1100,22,120,26,#657690,9,enemy.lantern.name,major,0.18,0,88,1.5
9,chef,1300,23,130,24,#ca845b,9,enemy.chef.name,mini,0.18,0,88,1.5
10,clock,1800,21,160,27,#877494,9,enemy.clock.name,major,0.18,0,88,1.5
