id,key,type,value,note
1,gameName,string,game.name,游戏名I18键
6,maxLevels,float,20,当前关卡上限
7,rewardAdUnitId,string,replace-with-douyin-ad-unit-id,抖音激励视频广告位
8,version,string,0.8.1,客户端版本
9,upgradeDamage,float,0.52,升级伤害增幅
10,upgradeRange,float,0.08,升级射程增幅
11,upgradeRate,float,0.12,升级攻速增幅
12,upgradeCostBase,float,0.5,升级费用基础比例
13,upgradeCostStep,float,0.25,每级升级费用比例
14,maxStaffLevel,float,3,店员等级上限
15,sellRatio,float,0.65,调岗返还比例
16,waveHealthGrowth,float,0.08,逐波耐久增幅
17,waveBonusBase,float,12,波次奖励基础
18,waveBonusStep,float,4,每波奖励增量
19,firstWaveDelay,float,10,首波倒计时秒数
20,nextWaveDelay,float,10,波间倒计时秒数
21,reviveWaveDelay,float,5.3,复活倒计时秒数
22,reviveMinLives,float,3,复活最少耐久
23,reviveLifeRatio,float,0.4,复活耐久比例
24,freezeSeconds,float,5,全场冻结秒数
25,cashBase,float,75,零钱道具基础
26,cashPerLevel,float,3,零钱道具逐关增量
27,freePropCount,float,0,每关各道具免费数
28,slowSpeedRatio,float,0.57,减速后的速度比例
29,markDamageRatio,float,1.25,标记后的伤害倍率
30,musicVolume,float,0.32,音乐音量0至1
31,maxEffectSources,float,6,音效并发上限
32,toastSeconds,float,2.3,提示显示秒数
33,challengeLevelId,float,21,挑战体验关内部ID，不计入冒险最大关卡
34,touchTravelTolerance,float,20,点击允许移动距离，390宽逻辑像素
