id,key,nameKey,imageKey,categoryKey,descriptionKey,storyKey,unlockLevel
1,cola,goods.cola.name,goods_cola,ui.redesign.goodsCategory,goods.cola.description,goods.cola.story,1
2,bread,goods.bread.name,goods_bread,ui.redesign.goodsCategory,goods.bread.description,goods.bread.story,1
3,noodles,goods.noodles.name,goods_noodles,ui.redesign.goodsCategory,goods.noodles.description,goods.noodles.story,1
4,milk,goods.milk.name,goods_milk,ui.redesign.goodsCategory,goods.milk.description,goods.milk.story,1
5,chips,goods.chips.name,goods_chips,ui.redesign.goodsCategory,goods.chips.description,goods.chips.story,1
6,cookies,goods.cookies.name,goods_cookies,ui.redesign.goodsCategory,goods.cookies.description,goods.cookies.story,1
7,jelly,goods.jelly.name,goods_jelly,ui.redesign.goodsCategory,goods.jelly.description,goods.jelly.story,1
8,water,goods.water.name,goods_water,ui.redesign.goodsCategory,goods.water.description,goods.water.story,1
9,rice,goods.rice.name,goods_rice,ui.redesign.goodsCategory,goods.rice.description,goods.rice.story,1
