id,key,zhCN
1,game.name,叮咚夜班开始
2,staff.sprout.name,豆包
3,staff.frost.name,棉棉
4,staff.bloom.name,布丁
5,staff.scope.name,咕咕
6,staff.spark.name,栗栗
7,staff.ember.name,烘烘
8,staff.mint.name,薄荷
9,staff.fan.name,啾啾
10,enemy.normal.name,小纸袋怪
11,enemy.swift.name,红汽水罐
12,enemy.tank.name,快递纸箱怪
13,enemy.shield.name,铁罐卫士
14,enemy.jelly.name,果冻夜游者
15,enemy.runner.name,冲刺牛奶盒
16,enemy.postmaster.name,包裹队长
17,enemy.lantern.name,雾灯旅客
18,enemy.chef.name,夜宵团长
19,enemy.clock.name,午夜钟守
20,theme.courtyard.name,暖灯庭院
21,theme.rain.name,雨巷站台
22,theme.market.name,秋日夜市
23,theme.midnight.name,月下钟街
24,level.1.title,第一次夜班
25,level.2.title,跑得太快啦
26,level.3.title,热食出炉
27,level.4.title,重重的纸袋
28,level.5.title,包裹队长
29,level.5.goal,击退首领，守住便利店
30,level.6.title,雨夜来客
31,level.6.goal,咕咕远射，贯穿排队来客
32,level.7.title,仓库告急
33,level.7.goal,咕咕远射，贯穿排队来客
34,level.8.title,深夜加急单
35,level.8.goal,密集来客与快客交替，照顾整条队伍
36,level.9.title,天亮前一小时
37,level.9.goal,栗栗连锁，应对密集来客
38,level.10.title,雾灯旅客
39,level.10.goal,灯笼领队带着厚实护卫经过街口
40,level.11.title,夜市开张
41,level.11.goal,认识灼烧与厚血来客
42,level.12.title,穿过摊位
43,level.12.goal,交替火力，守住整条路线
44,level.13.title,清洁时间
45,level.13.goal,用薄荷标记集中输出
46,level.14.title,转角夜宵
47,level.14.goal,交替火力，守住整条路线
48,level.15.title,夜宵团长
49,level.15.goal,先清货物腾出位置，再迎接夜宵师傅
50,level.16.title,午夜快递
51,level.16.goal,用啾啾应对密集快客
52,level.17.title,双向赶路
53,level.17.goal,交替火力，守住整条路线
54,level.18.title,钟前折返
55,level.18.goal,交替火力，守住整条路线
56,level.19.title,最后一班
57,level.19.goal,交替火力，守住整条路线
58,level.20.title,守到天亮
59,level.20.goal,群客、快客与午夜钟守接连抵达
60,wave.104.announcement,最后一波，扩建完整防线！
61,wave.204.announcement,用减速争取清障和扩建时间！
62,wave.304.announcement,布丁适合守住密集路段！
63,wave.404.announcement,重型纸袋怪需要集中火力！
64,wave.504.announcement,包裹队长登场，集中火力！
65,wave.604.announcement,先清出中场空地，再补终点防线！
66,wave.704.announcement,出口在左下，给终点留一份火力！
67,wave.804.announcement,加急订单到达，别只守入口！
68,wave.904.announcement,天亮前的客流最难守！
69,wave.1005.announcement,灯笼领队与护卫来了
70,wave.1101.announcement,第一波来客到了
71,wave.1201.announcement,第一波来客到了
72,wave.1301.announcement,第一波来客到了
73,wave.1401.announcement,第一波来客到了
74,wave.1501.announcement,先整理门口的货物
75,wave.1505.announcement,夜宵团长登场，集中火力！
76,wave.1601.announcement,第一波来客到了
77,wave.1701.announcement,第一波来客到了
78,wave.1801.announcement,第一波来客到了
79,wave.1901.announcement,第一波来客到了
80,wave.2001.announcement,第一波来客到了
81,wave.2005.announcement,午夜钟守来了
82,collection.enemy-normal.category,普通精怪
83,collection.enemy-normal.traits,移动稳定，常常结伴出现，适合交给豆包逐个赶走。
84,collection.enemy-normal.story,地铁末班车离站后，它才把小短腿伸出纸袋。袋口总朝着便利店的暖光，像在等一份刚装好的夜宵。
85,collection.enemy-swift.category,疾行精怪
86,collection.enemy-swift.traits,跑得快，耐久较低。棉棉的减速能让它在防线前多留一会儿。
87,collection.enemy-swift.story,它总觉得末班车还没开走，顺着庭院一路小跑。跑到店门前才想起来：自己出门只是想听汽水开罐的声音。
88,collection.enemy-tank.category,重型精怪
89,collection.enemy-tank.traits,移动较慢、耐久较高；漏进店里会扣除更多店铺耐久。
90,collection.enemy-tank.story,箱子上没有收件地址，只有一张歪歪扭扭的“夜间送达”。它走得很认真，至今还没发现纸箱里的自己就是那件包裹。
91,collection.staff-doubao.category,仓鼠 · 收银员
92,collection.staff-doubao.traits,快速、稳定的单体驱赶。上岗费用低，方便逐步扩展防线。
93,collection.staff-doubao.story,豆包会把每枚金币朝同一个方向码好。客流再急，他也能一边报数一边守住收银台，最怕的是下班前少算一枚硬币。
94,collection.staff-mianmian.category,垂耳兔 · 理货员
95,collection.staff-mianmian.traits,攻击附带减速，为其他店员争取输出时间，适合照看疾行精怪。
96,collection.staff-mianmian.story,棉棉能记住每件商品该在的格子。遇到匆忙的来客，她总会轻轻提醒：“慢一点，热食还没凉。”
97,collection.staff-buding.category,柯基 · 热食员
98,collection.staff-buding.traits,对目标及附近精怪造成范围伤害，适合应对密集精怪。
99,collection.staff-buding.story,布丁总把“刚出炉”喊得比广播还响。看到门外排起长队，他会先把围裙系紧，再把最后一份热食留给值夜的同伴。
100,collection.enemy-shield.category,夜间精怪
101,collection.enemy-shield.traits,耐久较高，速度适中。适合集中输出，也可以让咕咕利用远射多打几轮。
102,collection.enemy-shield.story,它把茶叶罐擦得锃亮，郑重宣布自己是夜班巡逻员。走到店门口才发现，巡逻路线正好绕回了零食货架。
103,collection.enemy-jelly.category,夜间精怪
104,collection.enemy-jelly.traits,耐久中等、速度适中，金币奖励较多。与快客混行时不要忽略它。
105,collection.enemy-jelly.story,白天躲在冷柜里打瞌睡，夜里悄悄出门散步。每走一步都晃一下，却从来没把杯里的月光洒出来。
106,collection.enemy-runner.category,夜间精怪
107,collection.enemy-runner.traits,移速高于汽水罐，耐久也更高。减速和多目标火力能减少漏怪。
108,collection.enemy-runner.story,它把保质期当成了末班车时刻，系上围巾就往前跑。棉棉常常拦住它，提醒它今天其实还早。
109,collection.boss-postmaster.category,小首领 · 第5关
110,collection.boss-postmaster.traits,耐久远高于普通来客，移动较慢；漏进店里扣 {p0} 点耐久，需要持续输出。
111,collection.boss-postmaster.story,它揣着整条街的夜间包裹，坚信便利店是最后一站。红帽子歪了也不肯停，因为清单上还差一枚签收章。
112,collection.boss-fog-guest.category,大首领 · 第10关
113,collection.boss-fog-guest.traits,耐久远高于普通来客，移动较慢；漏进店里扣 {p0} 点耐久，需要持续输出。
114,collection.boss-fog-guest.story,它提着自己走过潮湿的石板路。灯芯里藏着几封没寄出的信，只愿在便利店的屋檐下等到雾散。
115,collection.boss-midnight-leader.category,小首领 · 第15关
116,collection.boss-midnight-leader.traits,耐久远高于普通来客，移动较慢；漏进店里扣 {p0} 点耐久，需要持续输出。
117,collection.boss-midnight-leader.story,它推着装满热食的小车，打算请每位夜班店员吃一口。可惜清单太长，排队的来客把整条夜市都挤满了。
118,collection.boss-clock.category,大首领 · 第20关
119,collection.boss-clock.traits,耐久远高于普通来客，移动较慢；漏进店里扣 {p0} 点耐久，需要持续输出。
120,collection.boss-clock.story,它每晚巡回一次，确认还有灯为晚归的人亮着。最后一声钟响之后，它也会在便利店门口坐下，等一杯温热的牛奶。
121,collection.staff-scope.category,猫头鹰 · 盘点员
122,collection.staff-scope.traits,远射贯穿：命中后继续攻击后方 {p0} 范围的同线来客，后续伤害 {p1}%。
123,collection.staff-scope.story,咕咕隔着一整排货架也能看清价签。那支长长的扫码镜是他的宝贝，只有认真盘点时才舍得擦亮。
124,collection.staff-spark.category,松鼠 · 电工
125,collection.staff-spark.traits,连锁电光：最多命中 {p0} 名来客，每跳保留 {p1}% 伤害。
126,collection.staff-spark.story,栗栗把便利店坏掉的小电器都修好了。口袋里总有一颗备用电池，说是为了应付夜里突然不亮的招牌。
127,collection.staff-ember.category,小熊猫 · 烘焙员
128,collection.staff-ember.traits,持续灼烧：命中附加 {p0} 秒灼烧，重复命中刷新时间，不叠层。
129,collection.staff-ember.story,烘烘坚持最后一炉面包也要烤得刚刚好。烤箱的余温总留到收班，谁路过都能闻到一点甜香。
130,collection.staff-mint.category,浣熊 · 保洁员
131,collection.staff-mint.traits,清洁标记：{p0} 秒内受到的店员伤害增加 {p1}%。
132,collection.staff-mint.story,薄荷把雨脚印擦成一道弯弯的光。她的喷瓶上没有刻度，因为每一处污渍她都愿意多照顾一下。
133,collection.staff-fan.category,小鸭 · 配送员
134,collection.staff-fan.traits,多路风刃：一次最多攻击 {p0} 名不同来客，单个目标只承受一道。
135,collection.staff-fan.story,啾啾担心热食太烫，送餐时总抱着一台小风扇。后来大家发现，它吹走排队烦恼的本领比送餐还熟练。
136,ui.BattleArtView.001,战斗美术未完整加载，继续使用程序图形。
137,ui.BattleArtView.002,战斗美术加载失败，继续使用程序图形。
138,ui.BattleSceneryView.001,场景图集必须为512×512。
139,ui.BattleSceneryView.002,场景美术加载失败，保留地图和程序地标。
140,ui.BattleUiView.001,战斗UI图标未完整加载，继续使用文字按钮。
141,ui.BattleUiView.002,战斗UI图集尺寸应为512×512，请核对运行资源导出。
142,ui.BattleUiView.003,战斗UI图标加载失败，继续使用文字按钮。
143,ui.CollectionData.001,血量
144,ui.CollectionData.002,移速
145,ui.CollectionData.003,金币奖励
146,ui.CollectionData.004,伤害值
147,ui.CollectionData.005,建造费用
148,ui.CollectionData.006,伤害
149,ui.CollectionData.007,攻速
150,ui.CollectionData.008,{p0}次/秒
151,ui.CollectionData.009,射程
152,ui.CollectionData.010,解锁第 {p0} 关后上岗
153,ui.CollectionData.011,后续开放
154,ui.CollectionData.012,怪物
155,ui.CollectionData.013,店员
156,ui.CollectionData.014,升级提高伤害与射程，缩短攻击间隔
157,ui.CollectionData.015,"显示基础血量，实战随关卡和波次变化
基础移速固定，仍受技能影响"
158,ui.CollectionData.016,未遭遇
159,ui.GameMenuView.001,森林便利店
160,ui.GameMenuView.002,灯亮着，夜班就开始了
161,ui.GameMenuView.003,冒险模式
162,ui.GameMenuView.004,已解锁 {p0} / {p1} 关
163,ui.GameMenuView.005,挑战模式
164,ui.GameMenuView.006,15波夜班 · 自选4名店员
165,ui.GameMenuView.007,挑战模式
166,ui.GameMenuView.008,挑战模式暂未开放。
167,ui.GameMenuView.009,游戏图鉴
168,ui.GameMenuView.010,怪物 · BOSS · 店员
169,ui.GameMenuView.011,侧边栏再玩
170,ui.GameMenuView.012,侧边栏再玩
171,ui.GameMenuView.013,欢迎回来，店长
172,ui.GameMenuView.014,返回
173,ui.GameMenuView.015,冒险模式
174,ui.GameMenuView.016,已解锁 {p0} / {p1} 关 · 通关开启下一班
175,ui.GameMenuView.017,共{p0}波
176,ui.GameMenuView.018,通关第 {p0} 关解锁
177,ui.GameMenuView.019,关卡未解锁
178,ui.GameMenuView.020,通关第 {p0} 关后解锁。
179,ui.GameMenuView.021,上一页
180,ui.GameMenuView.022,下一页
181,ui.GameMenuView.023,点击关卡图片，从开局开始挑战
182,ui.GameMenuView.024,游戏图鉴
183,ui.GameMenuView.025,{p0}图鉴
184,ui.GameMenuView.026,{p0} / {p1} 已收录
185,ui.GameMenuView.027,上一页
186,ui.GameMenuView.028,下一页
187,ui.GameMenuView.029,点击图片，查看特点与夜班故事
188,ui.GameMenuView.030,设置
189,ui.GameMenuView.031,音乐
190,ui.GameMenuView.032,音效
191,ui.GameMenuView.033,{p0}  ·  v{p1}
192,ui.GameMenuView.034,开
193,ui.GameMenuView.035,关
194,ui.GameMenuView.036,未知档案
195,ui.GameRoot.001,地铁口
196,ui.GameRoot.002,便利店
197,ui.GameRoot.003,返回首页
198,ui.GameRoot.004,GM 调试
199,ui.GameRoot.005,图鉴预览仅本次生效，不改正式存档
200,ui.GameRoot.006,关闭
201,ui.GameRoot.007,返回正式进度
202,ui.GameRoot.008,第{p0}关{p1}
203,ui.GameRoot.009,{p0}/{p1} 波
204,ui.GameRoot.010,已满级
205,ui.GameRoot.011,升级 ●{p0}
206,ui.GameRoot.012,出售 +{p0}
207,ui.GameRoot.013,清理 ♥{p0}  +{p1}
208,ui.GameRoot.014,下一波
209,ui.GameRoot.015,结束本局并返回
210,ui.GameRoot.016,返回选关
211,ui.GameRoot.017,暂停营业
212,ui.GameRoot.018,继续营业
213,ui.GameRoot.019,二十夜守护完成！
214,ui.GameRoot.020,顺利打烊！
215,ui.GameRoot.021,便利店失守了
216,ui.GameRoot.022,"赶走 {p0} 只夜间精怪
金币 {p1}"
217,ui.GameRoot.023,下一关
218,ui.GameRoot.024,再次挑战
219,ui.GameRoot.025,看广告继续营业
220,ui.GameRoot.026,重新挑战
221,ui.GameRoot.027,保留店员，重打当前波次
222,ui.GameRoot.028,重新开始
223,ui.GameRoot.029,当前：第 {p0} 关{p1}
224,ui.GameRoot.030,第 {p0} 关{p1}
225,ui.GameRoot.031,冷气
226,ui.GameRoot.032,清场
227,ui.GameRoot.033,金币
228,ui.GameRoot.034,{p0}·用完
229,ui.GameRoot.035,{p0}·广告
230,ui.GameRoot.036,点空地建造；空闲时点货箱清理
231,ui.GameRoot.037,第 {p0} 关：{p1}
232,ui.GameRoot.038,便利店耐久 -{p0}
233,ui.GameRoot.039,守住了！夜班收入 +{p0}
234,ui.GameRoot.040,第 {p0} 波来袭！
235,ui.GameRoot.041,清出空地 +{p0}
236,ui.GameRoot.042,这名店员还没有加入夜班
237,ui.GameRoot.043,夜班金币不够，先赶走一些精怪吧
238,ui.GameRoot.044,{p0}上岗！
239,ui.GameRoot.045,先点击一名场上店员
240,ui.GameRoot.046,{p0}已经满级
241,ui.GameRoot.047,升级所需金币不足
242,ui.GameRoot.048,调岗返还 +{p0}
243,ui.GameRoot.049,本关这个道具已经用完了
244,ui.GameRoot.050,冰柜冷气：全场冻结 {p0} 秒
245,ui.GameRoot.051,紧急金币 +{p0}
246,ui.GameRoot.052,闭店清场：赶走小怪，削弱重型与首领
247,ui.GameRoot.053,正在请求道具广告…
248,ui.GameRoot.054,广告未完成或暂不可用，道具未使用
249,ui.GameRoot.055,正在请求继续营业广告…
250,ui.GameRoot.056,广告未完成或暂不可用，未复活
251,ui.GameRoot.057,继续营业！当前波次即将重来
252,ui.GameRoot.058,广告暂不可用，请稍后重试
253,ui.MenuArtView.001,主界面图标未完整加载，继续使用文字按钮。
254,ui.MenuArtView.002,主界面图集尺寸应为512×512，请核对运行资源导出。
255,ui.MenuArtView.003,主界面图标加载失败，继续使用文字按钮。
256,ui.GameRoot.extra0,（GM 测试）
257,ui.GameRoot.extra1,（正式进度）
258,ui.GameRoot.extra2,  当前
259,ui.GameMenuView.extra0,大BOSS
260,ui.GameMenuView.extra1,小BOSS
261,ui.GameMenuView.extra2,可挑战
262,ui.PlatformSettings.0,当前环境暂不支持侧边栏入口。
263,ui.PlatformSettings.1,暂时无法打开侧边栏，请稍后重试。
264,ui.PlatformSettings.2,已打开侧边栏，可从这里再次进入游戏。
265,ui.unknown,???
266,ui.boss,BOSS
267,ui.opt.upgradeCost,升级费用
268,ui.opt.staffLevel1,1级
269,ui.opt.staffLevel2,2级
270,ui.opt.staffLevel3,3级
271,ui.opt.gold,{p0}金币
272,challenge.title,夜班加时赛
273,challenge.goal,守住15波来客
274,challenge.bossWave,首领来访
275,challenge.hud,夜班加时赛
276,challenge.win,夜班挑战完成！
277,challenge.return,返回首页
278,challenge.enter,夜班加时赛
279,ui.opt.startWave,开始下一波
280,ui.gm.enemies,解锁怪物
281,ui.gm.bosses,解锁 BOSS
282,ui.gm.staff,解锁店员
283,ui.gm.all,解锁全部图鉴
284,ui.gm.restore,恢复正式图鉴
285,guide.place,点空位，安排{p0}
286,guide.choose,选择{p0}
287,guide.coins,金币够了再安排{p0}
288,guide.build.select,点空位，安排豆包
289,guide.build.action,选择豆包
290,guide.build.wait,豆包会自动攻击
291,guide.upgrade.select,点豆包，看看升级
292,guide.upgrade.action,升级豆包
293,guide.upgrade.wait,攒够金币再升级
294,guide.combo.select,把棉棉放在豆包旁
295,guide.combo.action,选择棉棉
296,guide.combo.wait,棉棉减速，豆包接着打
297,guide.area.select,安排布丁对付成群精怪
298,guide.area.action,选择布丁
299,guide.area.wait,布丁能一次打到多只精怪
300,guide.clear.select,点店员旁的杂物
301,guide.clear.action,点杂物，清理后获得金币
302,guide.clear.wait,店员空闲时会清理杂物
303,ui.gm.reset,重置进度
304,ui.gm.resetConfirm,再次点击确认
305,feedback.boss.mini,小首领来袭
306,feedback.boss.major,大首领来袭
307,feedback.boss.defeated,首领已击退
308,feedback.boss.health,{p0} / {p1}
309,result.stats,"剩余耐久 {p0}/{p1}  ·  清障 {p2}/{p3}
击退 {p4}  ·  获得金币 {p5}"
310,result.next,下一关 · 第{p0}关
311,result.open,第{p0}关已解锁
312,result.staff,新店员 {p0} 名
313,result.collection,图鉴新增 {p0} 项
314,result.complete,二十关全部完成
315,result.progress,完成 {p0}/{p1} 波
316,result.unlockTitle,新解锁
317,result.noUnlock,本局记录
318,result.more,另有 {p0} 项新图鉴
319,branch.sprout_heavy.name,重投
320,branch.sprout_heavy.summary,单发伤害高
321,branch.sprout_heavy.tradeoff,攻击间隔长
322,evolution.sprout_heavy.story,豆包把收银台旁的投掷器换大了一号。每次出手前，他仍要先把腰包里的硬币码整齐。
323,branch.sprout_burst.name,连投
324,branch.sprout_burst.summary,两连发，可接续补刀
325,branch.sprout_burst.tradeoff,单发伤害低
326,evolution.sprout_burst.story,晚高峰时，豆包学会了两手交替接零钱。现在守门也用上了这套本领。
327,branch.frost_deep.name,深冷
328,branch.frost_deep.summary,单目标减速更强
329,branch.frost_deep.tradeoff,射程较短
330,evolution.frost_deep.story,棉棉给冷风器添了一层保温套。来客走慢些，她就有时间把散落的商品放回原位。
331,branch.frost_dual.name,双向冷风
332,branch.frost_dual.summary,同时减速两个目标
333,branch.frost_dual.tradeoff,每个目标减速较弱
334,evolution.frost_dual.story,通道两头都有人赶来，棉棉便把风口分成两路。哪边的货架乱了，她都看得见。
335,branch.bloom_focus.name,集中爆破
336,branch.bloom_focus.summary,主目标伤害高
337,branch.bloom_focus.tradeoff,范围小，旁伤低
338,evolution.bloom_focus.story,布丁把烤锅换成了深口的。火候集中以后，最厚的那份热食也能按时出炉。
339,branch.bloom_wide.name,广域爆破
340,branch.bloom_wide.summary,爆炸覆盖更广
341,branch.bloom_wide.tradeoff,单个目标伤害低
342,evolution.bloom_wide.story,排队的人越来越多，布丁找来一只宽烤盘。一炉多做几份，夜班同伴也能早点吃上。
343,ui.evolution.action,进化
344,ui.evolution.choose,选择进化
345,ui.evolution.base,基础形态
346,ui.evolution.locked,???
347,ui.evolution.unlock,首次进化后收录
348,ui.evolution.new,新形态
349,ui.evolution.collection,进化形态 {p0}/{p1}
350,ui.evolution.cost,进化费用
351,ui.evolution.complete,已进化
352,ui.evolution.button,"进化
●{p0}"
353,ui.evolution.name,{p0}·{p1}
354,ui.evolution.rate,{p1}秒/轮
355,ui.evolution.slow,移速降至{p0}% · {p1}秒
356,ui.evolution.splash,范围{p0} · 旁伤{p1}%
357,ui.evolution.targets,每次至多{p0}个目标
358,ui.evolution.stats,"伤害{p0} · 周期{p1}秒
射程{p2}"
359,ui.evolution.lockedHint,战斗中完成此形态的进化后收录
360,ui.evolution.shapeCount,形态 {p0}/{p1}
361,ui.evolution.base1,一级
362,ui.evolution.base2,二级
363,ui.evolution.profile,进化形态
364,ui.evolution.result,新形态 {p0}
365,ui.evolution.costValue,●{p0}
366,ui.loadout.title,选择出战店员
367,ui.loadout.selected,出战店员 {p0}/{p1}
368,ui.loadout.start,确认出战
369,ui.loadout.choose,选择出战店员
370,ui.loadout.replace,选择要替换的出战位
371,ui.loadout.empty,空位
372,ui.loadout.ready,出战店员
373,ui.loadout.info,详情
374,ui.loadout.stats,初始金币 {p0} · {p1} 波
375,ui.loadout.boss,第{p0}波 · {p1}
376,ui.loadout.enemies,本关来客
377,ui.loadout.default,默认阵容
378,ui.loadout.need,还需选择 {p0} 名店员
379,ui.preview.title,第{p0}波来客
380,ui.preview.last,最后一波
381,ui.preview.open,波次预告
382,ui.preview.count,×{p0}
383,ui.preview.mini,小首领
384,ui.preview.major,大首领
385,staff.role.sprout,单体连投
386,staff.role.frost,减速控制
387,staff.role.bloom,范围爆破
388,staff.role.scope,远程穿透
389,staff.role.spark,连锁电击
390,staff.role.ember,持续灼烧
391,staff.role.mint,标记增伤
392,staff.role.fan,多目标散射
393,branch.scope_precision.name,定点观测
394,branch.scope_precision.summary,集中重击远处单个目标
395,branch.scope_precision.tradeoff,不再穿透后排
396,branch.scope_precision.story,咕咕把镜片擦了又擦。街角最远的一盏灯，也逃不过它的眼睛。
397,branch.scope_pierce.name,贯线观测
398,branch.scope_pierce.summary,沿命中方向贯穿后排
399,branch.scope_pierce.tradeoff,单体伤害较低
400,branch.scope_pierce.story,货架间那条笔直的过道，是咕咕每天练习瞄准的地方。
401,branch.spark_focus.name,强电接力
402,branch.spark_focus.summary,短链高伤，适合并行的重型目标
403,branch.spark_focus.tradeoff,最多连接两个目标
404,branch.spark_focus.story,栗栗给插头缠上厚厚的绝缘带。这次，它要把电力送得更扎实。
405,branch.spark_chain.name,长链接力
406,branch.spark_chain.summary,电流最多连接五个目标
407,branch.spark_chain.tradeoff,单体伤害较低
408,branch.spark_chain.story,栗栗沿街检查每一盏小灯，尾巴后的线轴一路转个不停。
409,branch.ember_scorch.name,慢火烘焙
410,branch.ember_scorch.summary,单点持续灼烧
411,branch.ember_scorch.tradeoff,没有范围伤害
412,branch.ember_scorch.story,烘烘守着小火，等面包边缘一点点变成金黄。好火候不必着急。
413,branch.ember_burst.name,开炉热浪
414,branch.ember_burst.summary,范围点燃密集来客
415,branch.ember_burst.tradeoff,灼烧较短，单体输出较低
416,branch.ember_burst.story,烤箱门一开，暖香就散满了夜班的小店。烘烘总会多留一盘。
417,branch.mint_focus.name,浓萃标记
418,branch.mint_focus.summary,单点标记，强化队友直击
419,branch.mint_focus.tradeoff,每轮只标记一个目标
420,branch.mint_focus.story,薄荷把喷头调细了一格，认真记下今晚最需要大家照看的来客。
421,branch.mint_dual.name,双瓶巡护
422,branch.mint_dual.summary,双瓶同时标记不同来客
423,branch.mint_dual.tradeoff,单个标记的增伤较低
424,branch.mint_dual.story,薄荷一手一瓶，沿着货架慢慢巡过。忙的时候，谁都不会被落下。
425,branch.fan_spread.name,五叶巡风
426,branch.fan_spread.summary,风弹扩散，覆盖更多来客
427,branch.fan_spread.tradeoff,目标少时无法集中多枚风弹
428,branch.fan_spread.story,啾啾换上宽宽的新扇叶，把门口的热气和困意一起扇走。
429,branch.fan_volley.name,双翼齐射
430,branch.fan_volley.summary,每轮连续两次齐射
431,branch.fan_volley.tradeoff,覆盖目标较少
432,branch.fan_volley.story,啾啾把两只小风机绑在一起。深夜送货时，它喜欢这一前一后的节拍。
433,ui.evolution.pierce,贯穿{p0} · 旁伤{p1}%
434,ui.evolution.chain,至多{p0}目标 · 每跳保留{p1}%
435,ui.evolution.burn,灼烧{p0}/秒 · {p1}秒
436,ui.evolution.mark,直击增伤{p0}% · {p1}秒
437,wave.801.announcement,一大队来客到了
438,wave.803.announcement,队伍更密了
439,wave.1503.announcement,来客开始增多
440,wave.2002.announcement,厚实来客随后赶到
441,wave.2003.announcement,快客混进了队伍
442,challenge.pick,夜班补给
443,challenge.pickCount,第 {p0} / {p1} 次补给
444,challenge.refresh,看广告刷新
445,challenge.refreshEmpty,本次刷新已用完
446,challenge.inventory,本局强化 {p0}
447,challenge.close,返回战斗
449,challenge.empty,本局还没有强化
450,challenge.result,抵达第 {p0} / {p1} 波 · 获得 {p2} 项强化
451,challenge.loadout,选择出战店员
452,challenge.category.S,店员
453,challenge.category.G,全局
454,challenge.category.E,经济
455,challenge.category.X,特殊
456,challenge.category.F,趣味
457,perk.S01.name,三连发
458,perk.S01.desc,豆包每第三轮攻击改为三连发，每发造成70%伤害。
459,perk.S02.name,冷气外送
460,perk.S02.desc,被减速的来客被击败时，将当前减速传给80范围内至多2名来客，持续1.5秒。
461,perk.S03.name,双响礼花
462,perk.S03.desc,布丁每第三轮攻击的爆点会在0.35秒后再爆一次，造成80%伤害。
463,perk.S04.name,远处加急
464,perk.S04.desc,咕咕离目标越远伤害越高，在原射程边缘达到额外60%。
465,perk.S05.name,电流返工
466,perk.S05.desc,栗栗每第三轮攻击多放出一条电链，造成60%伤害。
467,perk.S06.name,余温四散
468,perk.S06.desc,燃烧中的来客被击败时，对65范围内其他来客造成其每秒灼烧伤害200%的伤害。
469,perk.S07.name,接班标记
470,perk.S07.desc,被标记的来客被击败后，将标记传给100范围内至多2名来客，持续2秒，最多传递3代。
471,perk.S08.name,回旋小风
472,perk.S08.desc,啾啾的每枚风弹命中后，弹向65范围内另一名来客，造成60%伤害。
473,perk.G01.name,开门冲刺
474,perk.G01.desc,每波开始后的6秒内，全体攻击间隔缩短35%。
475,perk.G02.name,邻柜帮忙
476,perk.G02.desc,90范围内有其他种类店员时，伤害提高25%。
477,perk.G03.name,独当一面
478,perk.G03.desc,90范围内没有其他店员时，伤害提高50%，射程缩短10%。
479,perk.G04.name,满满收银台
480,perk.G04.desc,每持有100金币，全体伤害提高10%，最多提高40%。
481,perk.G05.name,整齐交班
482,perk.G05.desc,上一波没有漏客时，本波伤害提高25%，射程提高15%。
483,perk.G06.name,全员到岗
484,perk.G06.desc,所选4种店员全部在场时，全体伤害提高35%。
485,perk.E01.name,备用金
486,perk.E01.desc,立即获得200金币。
487,perk.E02.name,夜班利息
488,perk.E02.desc,接下来5次清波，按清波奖金到账前的金币获得15%利息，每次最多75金币。
489,perk.E03.name,新柜补贴
490,perk.E03.desc,接下来3次建造免费。免费投入不计入出售返还。
491,perk.E04.name,进化报销
492,perk.E04.desc,接下来2次进化免费。免费投入不计入出售返还。
493,perk.E05.name,清仓补贴
494,perk.E05.desc,立即获得60金币，此后每清除一件货物额外获得30金币。
495,perk.E06.name,零钱罐
496,perk.E06.desc,普通来客的基础金币奖励增加25%，向下取整。
497,perk.X01.name,退货再加工
498,perk.X01.desc,每波第一名到达店门的普通来客返回路线30%处，保留生命与状态。
499,perk.X02.name,加固门帘
500,perk.X02.desc,每波抵挡2点漏客伤害。
501,perk.X03.name,门口慢行
502,perk.X03.desc,每波前3名进入最后20%路段的普通来客，移速降低60%，持续2秒。
503,perk.X04.name,收银开火
504,perk.X04.desc,每累计收入100金币，全体攻击间隔缩短25%，持续4秒。出售收入不计入。
505,perk.X05.name,货架连拆
506,perk.X05.desc,直接清除货物时，对100范围内其他货物造成其最大生命35%的伤害。
507,perk.X06.name,最后一位
508,perk.X06.desc,本波来客全部出现且只剩一名时，店员直击伤害提高80%。
509,perk.F01.name,大个子值班
510,perk.F01.desc,每波随机一名最高等级店员变大，伤害提高80%，射程提高15%，攻击间隔增加20%。
511,perk.F02.name,迷你夜班
512,perk.F02.desc,全体店员变小，攻击间隔缩短25%，伤害降低10%。
513,perk.F03.name,惊喜包裹
514,perk.F03.desc,每击败12名来客，随机获得20金币、一次100伤害爆炸或2秒减速。每波最多3次，额外攻击不计数。
515,perk.F04.name,夜班保龄球
516,perk.F04.desc,全队每完成24轮攻击，从店门滚出保龄球，沿路造成100伤害，最多命中8名来客，冷却8秒。
517,perk.F05.name,天降快递
518,perk.F05.desc,每10秒在最靠近店门的3名来客处落下快递，0.6秒后对40范围造成80伤害。每次快递雨对同一来客只伤害一次。
519,perk.F06.name,口袋鼓鼓
520,perk.F06.desc,每波随机一名普通来客生命变为2倍，击败奖励变为4倍。
521,challenge.refreshCount,本次剩余刷新 {p0}/{p1}
522,challenge.refreshLoading,广告加载中…
523,challenge.refreshUnavailable,广告暂不可用
524,challenge.refreshIncomplete,未完整观看，未刷新
525,challenge.enhanceStaff,强化 {p0}
526,ui.redesign.homeTitle,我的便利店
527,ui.redesign.book,图鉴
528,ui.redesign.shop,商店
529,ui.redesign.rank,排行榜
530,ui.redesign.settings,设置
531,ui.redesign.unavailable,暂未开放
532,ui.redesign.loading,LOADING...
533,ui.redesign.loadingFailed,加载失败，点击重试
534,ui.redesign.select,选择
535,ui.redesign.staff,店员
536,ui.redesign.monsters,怪物
537,ui.redesign.goods,商品
538,ui.redesign.progress,{p0}
539,ui.redesign.collection,{p0}
540,ui.redesign.pickHint,点击头像选择或取消
541,ui.redesign.pickFull,请先取消一名店员
542,ui.redesign.goodsCategory,便利店商品
543,ui.redesign.goodsUnlock,第 {p0} 关解锁
544,goods.cola.name,可乐
545,goods.cola.description,冰凉爽口
546,goods.cola.story,一打开罐子，细密的气泡就从杯沿冒出来。
547,goods.bread.name,面包
548,goods.bread.description,松软香甜
549,goods.bread.story,清晨烤好的面包，在夜班也能带来一点温暖。
550,goods.noodles.name,泡面
551,goods.noodles.description,热气腾腾
552,goods.noodles.story,倒上热水，等一会儿，就是一顿夜班小餐。
553,goods.milk.name,牛奶
554,goods.milk.description,醇香顺滑
555,goods.milk.story,蓝白小盒里装着一份简单的日常。
556,goods.chips.name,薯片
557,goods.chips.description,咔嚓酥脆
558,goods.chips.story,袋子里总藏着一片形状特别的薯片。
559,goods.cookies.name,饼干
560,goods.cookies.description,香酥可口
561,goods.cookies.story,小盒饼干很适合和忙完夜班的朋友分享。
562,goods.jelly.name,果冻
563,goods.jelly.description,清甜弹软
564,goods.jelly.story,红色和绿色的小杯，摆在货架上像两颗宝石。
565,goods.water.name,矿泉水
566,goods.water.description,清澈解渴
567,goods.water.story,店员补货时，总会给水瓶排得整整齐齐。
568,goods.rice.name,饭团
569,goods.rice.description,一口满足
570,goods.rice.story,小小的三角饭团，藏着夜班便当的心意。
571,ui.redesign.supplyHint,请选择一份补给，助你轻松度过夜班！
