id,levelId,enabled,slots,candidateStaff,defaultStaff
1,1,0,4,sprout,sprout
2,2,0,4,sprout|frost,sprout|frost
3,3,0,4,sprout|frost|bloom,sprout|frost|bloom
4,4,1,4,sprout|frost|bloom,sprout|frost|bloom
5,5,1,4,sprout|frost|bloom,sprout|frost|bloom
6,6,1,4,sprout|frost|bloom|scope,sprout|frost|bloom|scope
7,7,1,4,sprout|frost|bloom|scope,sprout|frost|bloom|scope
8,8,1,4,sprout|frost|bloom|scope|spark,scope|frost|bloom|spark
9,9,1,4,sprout|frost|bloom|scope|spark,scope|frost|bloom|spark
10,10,1,4,sprout|frost|bloom|scope|spark,scope|frost|bloom|spark
11,11,1,4,sprout|frost|bloom|scope|spark|ember,sprout|frost|bloom|ember
12,12,1,4,sprout|frost|bloom|scope|spark|ember,scope|frost|bloom|ember
13,13,1,4,sprout|frost|bloom|scope|spark|ember|mint,sprout|bloom|mint|ember
14,14,1,4,sprout|frost|bloom|scope|spark|ember|mint,scope|spark|mint|frost
15,15,1,4,sprout|frost|bloom|scope|spark|ember|mint,scope|bloom|ember|mint
16,16,1,4,sprout|frost|bloom|scope|spark|ember|mint|fan,sprout|frost|bloom|fan
17,17,1,4,sprout|frost|bloom|scope|spark|ember|mint|fan,scope|spark|frost|fan
18,18,1,4,sprout|frost|bloom|scope|spark|ember|mint|fan,scope|bloom|mint|fan
19,19,1,4,sprout|frost|bloom|scope|spark|ember|mint|fan,scope|frost|ember|fan
20,20,1,4,sprout|frost|bloom|scope|spark|ember|mint|fan,scope|frost|bloom|mint
21,21,1,4,sprout|frost|bloom|scope|spark|ember|mint|fan,sprout|frost|bloom|scope
