id,mapId,title,goal,initialCoins,initialLives,enemyHealthScale,enemySpeedScale,availableTowers
1,1,level.1.title,,170,9,0.9,0.88,sprout
2,2,level.2.title,,210,8,1,1.02,sprout|frost
3,3,level.3.title,,250,8,1.06,1.02,sprout|frost|bloom
4,4,level.4.title,,260,7,1.12,1.03,sprout|frost|bloom
5,5,level.5.title,level.5.goal,290,7,1.16,1.04,sprout|frost|bloom
6,6,level.6.title,level.6.goal,300,7,1.24,1.08,sprout|frost|bloom|scope
7,7,level.7.title,level.7.goal,310,6,1.3,1.1,sprout|frost|bloom|scope
8,8,level.8.title,level.8.goal,320,6,1.38,1.12,scope|frost|bloom|spark
9,9,level.9.title,level.9.goal,330,6,1.46,1.15,scope|frost|bloom|spark
10,10,level.10.title,level.10.goal,370,6,1.54,1.18,scope|frost|bloom|spark
11,11,level.11.title,level.11.goal,330,6,1.48,1.12,sprout|frost|bloom|ember
12,12,level.12.title,level.12.goal,338,6,1.525,1.132,scope|frost|bloom|ember
13,13,level.13.title,level.13.goal,346,6,1.57,1.144,sprout|bloom|mint|ember
14,14,level.14.title,level.14.goal,354,6,1.615,1.156,scope|spark|mint|frost
15,15,level.15.title,level.15.goal,362,6,1.66,1.168,scope|bloom|ember|mint
16,16,level.16.title,level.16.goal,370,6,1.705,1.18,sprout|frost|bloom|fan
17,17,level.17.title,level.17.goal,378,6,1.75,1.192,scope|spark|frost|fan
18,18,level.18.title,level.18.goal,386,6,1.795,1.204,scope|bloom|mint|fan
19,19,level.19.title,level.19.goal,394,6,1.84,1.216,scope|frost|ember|fan
20,20,level.20.title,level.20.goal,402,6,1.885,1.228,scope|frost|bloom|mint
