id,mapId,order,x,y
101,1,1,40,200
102,1,2,95,200
103,1,3,95,300
104,1,4,295,300
105,1,5,295,420
106,1,6,95,420
107,1,7,95,520
108,1,8,350,520
201,2,1,40,165
202,2,2,345,165
203,2,3,345,265
204,2,4,45,265
205,2,5,45,385
206,2,6,295,385
207,2,7,295,505
208,2,8,350,505
301,3,1,40,125
302,3,2,95,125
303,3,3,95,535
304,3,4,195,535
305,3,5,195,135
306,3,6,295,135
307,3,7,295,565
308,3,8,350,565
401,4,1,40,180
402,4,2,345,180
403,4,3,345,300
404,4,4,45,300
405,4,5,45,400
406,4,6,295,400
407,4,7,295,520
408,4,8,350,520
501,5,1,40,125
502,5,2,95,125
503,5,3,95,235
504,5,4,245,235
505,5,5,245,335
506,5,6,45,335
507,5,7,45,435
508,5,8,295,435
509,5,9,295,565
510,5,10,350,565
601,6,1,195,140
602,6,2,195,200
603,6,3,45,200
604,6,4,45,300
605,6,5,345,300
606,6,6,345,420
607,6,7,45,420
608,6,8,45,520
609,6,9,350,520
701,7,1,350,150
702,7,2,295,150
703,7,3,295,250
704,7,4,45,250
705,7,5,45,370
706,7,6,345,370
707,7,7,345,470
708,7,8,145,470
709,7,9,145,550
710,7,10,40,550
801,8,1,45,140
802,8,2,45,200
803,8,3,345,200
804,8,4,345,300
805,8,5,45,300
806,8,6,45,420
807,8,7,295,420
808,8,8,295,550
809,8,9,350,550
901,9,1,40,135
902,9,2,345,135
903,9,3,345,235
904,9,4,195,235
905,9,5,195,335
906,9,6,45,335
907,9,7,45,435
908,9,8,245,435
909,9,9,245,570
910,9,10,350,570
1001,10,1,40,165
1002,10,2,345,165
1003,10,3,345,285
1004,10,4,45,285
1005,10,5,45,405
1006,10,6,295,405
1007,10,7,295,535
1008,10,8,350,535
1101,11,1,40,165
1102,11,2,345,165
1103,11,3,345,285
1104,11,4,45,285
1105,11,5,45,405
1106,11,6,295,405
1107,11,7,295,535
1108,11,8,350,535
1201,12,1,55,185
1202,12,2,110,185
1203,12,3,110,535
1204,12,4,230,535
1205,12,5,230,135
1206,12,6,330,135
1207,12,7,330,435
1208,12,8,335,435
1301,13,1,350,160
1302,13,2,295,160
1303,13,3,295,280
1304,13,4,95,280
1305,13,5,95,400
1306,13,6,295,400
1307,13,7,295,500
1308,13,8,40,500
1401,14,1,40,175
1402,14,2,245,175
1403,14,3,245,275
1404,14,4,45,275
1405,14,5,45,395
1406,14,6,345,395
1407,14,7,345,495
1408,14,8,195,495
1501,15,1,350,150
1502,15,2,45,150
1503,15,3,45,270
1504,15,4,295,270
1505,15,5,295,370
1506,15,6,95,370
1507,15,7,95,470
1508,15,8,350,470
1601,16,1,40,150
1602,16,2,145,150
1603,16,3,145,250
1604,16,4,345,250
1605,16,5,345,370
1606,16,6,45,370
1607,16,7,45,470
1608,16,8,350,470
1701,17,1,350,200
1702,17,2,245,200
1703,17,3,245,300
1704,17,4,45,300
1705,17,5,45,420
1706,17,6,345,420
1707,17,7,345,520
1708,17,8,40,520
1801,18,1,55,155
1802,18,2,110,155
1803,18,3,110,335
1804,18,4,230,335
1805,18,5,230,215
1806,18,6,330,215
1807,18,7,330,455
1808,18,8,110,455
1809,18,9,110,535
1810,18,10,335,535
1901,19,1,350,150
1902,19,2,45,150
1903,19,3,45,250
1904,19,4,245,250
1905,19,5,245,370
1906,19,6,95,370
1907,19,7,95,470
1908,19,8,350,470
2001,20,1,40,150
2002,20,2,295,150
2003,20,3,295,250
2004,20,4,95,250
2005,20,5,95,370
2006,20,6,345,370
2007,20,7,345,470
2008,20,8,145,470
2009,20,9,145,550
2010,20,10,40,550
2011,21,1,40,135
2012,21,2,345,135
2013,21,3,345,285
2014,21,4,45,285
2015,21,5,45,435
2016,21,6,295,435
2017,21,7,295,565
2018,21,8,350,565
