id,mapId,spotIndex,kind,hp,reward
101,1,0,basket,42,18
102,1,2,crate,58,24
103,1,4,plant,50,20
104,1,6,basket,46,20
105,1,7,crate,64,26
106,1,9,plant,54,22
107,1,10,crate,68,28
108,1,11,basket,50,22
109,1,13,plant,62,24
110,1,21,crate,70,28
201,2,2,plant,62,22
202,2,4,crate,78,30
203,2,6,basket,66,24
204,2,8,crate,84,34
205,2,10,plant,72,26
206,2,16,basket,70,26
207,2,17,crate,92,38
208,2,18,plant,76,28
209,2,19,basket,82,30
210,2,20,crate,96,38
301,3,1,crate,88,32
302,3,2,basket,76,28
303,3,3,plant,82,30
304,3,4,crate,104,40
305,3,5,basket,84,30
306,3,10,plant,92,34
307,3,11,crate,116,44
308,3,12,basket,90,34
309,3,13,plant,98,36
310,3,14,crate,122,46
401,4,0,basket,88,30
402,4,1,crate,114,40
403,4,2,plant,96,32
404,4,4,crate,130,44
405,4,10,basket,100,34
406,4,11,plant,108,36
407,4,12,crate,140,46
408,4,13,basket,100,34
409,4,15,plant,112,38
410,4,21,crate,144,48
501,5,3,plant,102,34
502,5,6,basket,98,32
503,5,7,crate,142,46
504,5,8,plant,112,36
505,5,13,crate,150,48
506,5,14,basket,110,36
507,5,15,plant,116,38
508,5,19,crate,158,50
509,5,20,basket,114,38
510,5,21,crate,164,52
601,6,1,crate,144,44
602,6,2,basket,110,34
603,6,3,plant,118,38
604,6,7,crate,160,50
605,6,8,basket,122,40
606,6,9,plant,128,42
607,6,10,crate,172,54
608,6,15,basket,128,42
609,6,19,plant,136,44
610,6,20,crate,180,56
701,7,4,basket,120,36
702,7,7,plant,130,40
703,7,8,crate,166,50
704,7,10,basket,126,40
705,7,11,crate,180,56
706,7,12,plant,140,44
707,7,14,basket,136,44
708,7,16,crate,192,58
709,7,17,plant,146,46
710,7,18,crate,196,60
801,8,0,plant,140,42
802,8,1,basket,132,40
803,8,2,crate,160,62
804,8,5,plant,150,46
805,8,6,basket,140,44
806,8,7,crate,200,60
807,8,8,plant,156,48
808,8,13,basket,146,46
809,8,20,crate,210,64
810,8,21,crate,214,64
901,9,1,basket,142,42
902,9,2,crate,194,58
903,9,6,plant,156,46
904,9,7,basket,150,46
905,9,8,crate,210,64
906,9,9,plant,166,50
907,9,12,basket,158,48
908,9,13,crate,220,66
909,9,14,plant,174,52
910,9,18,crate,232,70
1001,10,1,plant,166,48
1002,10,3,crate,212,62
1003,10,5,basket,156,46
1004,10,7,crate,200,74
1005,10,11,plant,176,52
1006,10,13,basket,166,50
1007,10,15,crate,236,70
1008,10,17,plant,184,54
1009,10,19,basket,176,54
1010,10,20,crate,248,74
1101,11,1,basket,130,40
1102,11,3,crate,135,41
1103,11,5,plant,140,42
1104,11,7,basket,145,43
1105,11,9,crate,150,44
1106,11,11,plant,155,45
1107,11,13,basket,160,46
1108,11,15,crate,165,47
1109,11,18,plant,170,48
1110,11,20,basket,175,49
1201,12,1,basket,136,40
1202,12,3,crate,141,41
1203,12,5,plant,146,42
1204,12,7,basket,151,43
1205,12,9,crate,156,44
1206,12,11,plant,161,45
1207,12,13,basket,166,46
1208,12,15,crate,171,47
1209,12,18,plant,176,48
1210,12,20,basket,181,49
1301,13,1,basket,142,42
1302,13,3,crate,147,43
1303,13,5,plant,152,44
1304,13,7,basket,157,45
1305,13,9,crate,162,46
1306,13,11,plant,167,47
1307,13,13,basket,172,48
1308,13,15,crate,177,49
1309,13,18,plant,182,50
1310,13,20,basket,187,51
1401,14,1,basket,148,42
1402,14,3,crate,153,43
1403,14,5,plant,158,44
1404,14,7,basket,163,45
1405,14,9,crate,168,46
1406,14,11,plant,173,47
1407,14,13,basket,178,48
1408,14,16,crate,183,49
1409,14,10,plant,188,50
1410,14,12,basket,193,51
1501,15,1,basket,110,37
1502,15,3,crate,220,75
1503,15,5,plant,210,37
1504,15,7,basket,110,37
1505,15,9,crate,220,75
1506,15,11,plant,210,37
1507,15,13,basket,110,37
1508,15,15,crate,220,75
1509,15,18,plant,210,37
1510,15,20,basket,110,37
1601,16,1,basket,160,44
1602,16,3,crate,165,45
1603,16,5,plant,170,46
1604,16,7,basket,175,47
1605,16,9,crate,180,48
1606,16,11,plant,185,49
1607,16,13,basket,190,50
1608,16,15,crate,195,51
1609,16,18,plant,200,52
1610,16,20,basket,205,53
1701,17,1,basket,166,46
1702,17,3,crate,171,47
1703,17,5,plant,176,48
1704,17,7,basket,181,49
1705,17,9,crate,186,50
1706,17,11,plant,191,51
1707,17,13,basket,196,52
1708,17,15,crate,201,53
1709,17,18,plant,206,54
1710,17,20,basket,211,55
1801,18,1,basket,172,46
1802,18,3,crate,177,47
1803,18,5,plant,182,48
1804,18,7,basket,187,49
1805,18,9,crate,192,50
1806,18,11,plant,197,51
1807,18,13,basket,202,52
1808,18,15,crate,207,53
1809,18,18,plant,212,54
1901,19,1,basket,178,48
1902,19,3,crate,183,49
1903,19,5,plant,188,50
1904,19,7,basket,193,51
1905,19,9,crate,198,52
1906,19,11,plant,203,53
1907,19,13,basket,208,54
1908,19,15,crate,213,55
1909,19,18,plant,218,56
1910,19,20,basket,223,57
2001,20,1,basket,184,48
2002,20,3,crate,189,49
2003,20,5,plant,194,50
2004,20,7,basket,199,51
2005,20,9,crate,180,60
2006,20,11,plant,209,53
2007,20,13,basket,214,54
2008,20,15,crate,219,55
2009,20,18,plant,224,56
2010,20,20,basket,229,57
2011,21,1,plant,166,48
2012,21,3,crate,212,62
2013,21,5,basket,156,46
2014,21,7,crate,226,68
2015,21,11,plant,176,52
2016,21,13,basket,166,50
2017,21,15,crate,236,70
2018,21,17,plant,184,54
2019,21,19,basket,176,54
2020,21,20,crate,248,74
