id,mapId,spotIndex,x,y
101,1,0,145,250
102,1,1,195,250
103,1,2,245,250
104,1,3,295,250
105,1,4,95,350
106,1,5,145,360
107,1,6,195,360
108,1,7,245,360
109,1,8,55,385
110,1,9,145,470
111,1,10,195,470
112,1,11,245,470
113,1,12,345,335
114,1,13,345,385
115,1,14,345,435
116,1,15,45,435
117,1,16,45,485
118,1,17,45,535
119,1,18,145,570
120,1,19,295,470
121,1,20,245,570
122,1,21,295,570
201,2,0,145,215
202,2,1,195,215
203,2,2,245,215
204,2,3,295,215
205,2,4,95,325
206,2,5,145,325
207,2,6,195,325
208,2,7,245,325
209,2,8,295,315
210,2,9,345,315
211,2,10,95,435
212,2,11,145,435
213,2,12,195,435
214,2,13,245,435
215,2,14,345,365
216,2,15,45,435
217,2,16,225,485
218,2,17,235,535
219,2,18,345,425
220,2,19,285,555
221,2,20,335,575
222,2,21,95,215
301,3,0,45,235
302,3,1,45,285
303,3,2,45,335
304,3,3,45,385
305,3,4,45,435
306,3,5,45,485
307,3,6,45,535
308,3,7,145,135
309,3,8,145,185
310,3,9,145,235
311,3,10,145,285
312,3,11,145,335
313,3,12,145,385
314,3,13,145,435
315,3,14,145,485
316,3,15,245,185
317,3,16,245,235
318,3,17,245,285
319,3,18,245,335
320,3,19,245,385
321,3,20,245,435
322,3,21,245,485
401,4,0,145,240
402,4,1,195,240
403,4,2,245,240
404,4,3,295,240
405,4,4,45,250
406,4,5,95,240
407,4,6,145,350
408,4,7,195,350
409,4,8,245,350
410,4,9,295,350
411,4,10,95,350
412,4,11,145,450
413,4,12,195,450
414,4,13,345,350
415,4,14,345,400
416,4,15,35,445
417,4,16,95,450
418,4,17,225,495
419,4,18,225,545
420,4,19,345,450
421,4,20,275,565
422,4,21,240,130
501,5,0,145,185
502,5,1,195,185
503,5,2,245,185
504,5,3,45,235
505,5,4,45,285
506,5,5,95,285
507,5,6,145,285
508,5,7,195,285
509,5,8,295,235
510,5,9,295,285
511,5,10,295,335
512,5,11,295,385
513,5,12,95,385
514,5,13,145,385
515,5,14,195,385
516,5,15,245,385
517,5,16,45,485
518,5,17,95,485
519,5,18,145,485
520,5,19,195,485
521,5,20,245,485
522,5,21,245,535
601,6,0,95,250
602,6,1,145,250
603,6,2,195,250
604,6,3,245,250
605,6,4,295,250
606,6,5,345,250
607,6,6,95,360
608,6,7,145,360
609,6,8,195,360
610,6,9,245,360
611,6,10,295,360
612,6,11,45,370
613,6,12,145,470
614,6,13,195,470
615,6,14,245,470
616,6,15,295,470
617,6,16,95,470
618,6,17,145,570
619,6,18,195,570
620,6,19,245,570
621,6,20,295,570
622,6,21,95,570
701,7,0,45,200
702,7,1,95,200
703,7,2,145,200
704,7,3,195,200
705,7,4,245,200
706,7,5,95,310
707,7,6,145,310
708,7,7,195,310
709,7,8,245,310
710,7,9,95,420
711,7,10,145,420
712,7,11,195,420
713,7,12,295,320
714,7,13,45,420
715,7,14,95,470
716,7,15,245,420
717,7,16,295,420
718,7,17,295,520
719,7,18,195,520
720,7,19,245,520
721,7,20,345,520
722,7,21,215,575
801,8,0,195,150
802,8,1,245,150
803,8,2,295,150
804,8,3,345,150
805,8,4,45,250
806,8,5,95,250
807,8,6,145,250
808,8,7,195,250
809,8,8,245,250
810,8,9,95,360
811,8,10,145,360
812,8,11,195,360
813,8,12,245,360
814,8,13,295,350
815,8,14,95,470
816,8,15,145,470
817,8,16,195,470
818,8,17,45,470
819,8,18,225,515
820,8,19,225,565
821,8,20,345,470
822,8,21,345,420
901,9,0,145,185
902,9,1,195,185
903,9,2,245,185
904,9,3,295,185
905,9,4,145,235
906,9,5,45,285
907,9,6,95,285
908,9,7,145,285
909,9,8,245,285
910,9,9,295,285
911,9,10,345,285
912,9,11,245,335
913,9,12,95,385
914,9,13,145,385
915,9,14,195,385
916,9,15,245,385
917,9,16,45,485
918,9,17,95,485
919,9,18,145,485
920,9,19,195,485
921,9,20,195,535
922,9,21,295,520
1001,10,0,145,225
1002,10,1,195,225
1003,10,2,245,225
1004,10,3,295,225
1005,10,4,95,225
1006,10,5,195,345
1007,10,6,245,345
1008,10,7,295,335
1009,10,8,95,345
1010,10,9,145,345
1011,10,10,195,455
1012,10,11,335,365
1013,10,12,95,455
1014,10,13,145,455
1015,10,14,245,455
1016,10,15,345,415
1017,10,16,45,455
1018,10,17,225,505
1019,10,18,225,555
1020,10,19,345,465
1021,10,20,45,235
1101,11,0,95,225
1102,11,1,145,225
1103,11,2,195,225
1104,11,3,245,225
1105,11,4,295,225
1106,11,5,45,235
1107,11,6,95,345
1108,11,7,145,345
1109,11,8,195,345
1110,11,9,245,345
1111,11,10,295,335
1112,11,11,95,455
1113,11,12,145,455
1114,11,13,195,455
1115,11,14,335,365
1116,11,15,345,415
1117,11,16,345,465
1118,11,17,45,455
1119,11,18,245,455
1120,11,19,225,505
1121,11,20,225,555
1201,12,0,185,125
1202,12,1,155,175
1203,12,2,170,235
1204,12,3,280,185
1205,12,4,170,285
1206,12,5,280,235
1207,12,6,280,285
1208,12,7,45,285
1209,12,8,170,335
1210,12,9,280,335
1211,12,10,280,385
1212,12,11,45,335
1213,12,12,170,385
1214,12,13,170,435
1215,12,14,285,475
1216,12,15,45,385
1217,12,16,60,435
1218,12,17,170,485
1219,12,18,325,505
1220,12,19,45,485
1221,12,20,60,535
1222,12,21,280,535
1301,13,0,245,165
1302,13,1,245,215
1303,13,2,345,225
1304,13,3,95,230
1305,13,4,145,230
1306,13,5,195,230
1307,13,6,245,340
1308,13,7,345,275
1309,13,8,45,280
1310,13,9,345,325
1311,13,10,45,330
1312,13,11,145,340
1313,13,12,195,340
1314,13,13,295,330
1315,13,14,335,375
1316,13,15,45,380
1317,13,16,145,450
1318,13,17,195,450
1319,13,18,345,425
1320,13,19,95,450
1321,13,20,245,450
1322,13,21,345,475
1401,14,0,295,175
1402,14,1,95,225
1403,14,2,145,225
1404,14,3,195,225
1405,14,4,295,225
1406,14,5,295,275
1407,14,6,95,335
1408,14,7,145,335
1409,14,8,195,335
1410,14,9,245,325
1411,14,10,95,445
1412,14,11,45,445
1413,14,12,145,445
1414,14,13,235,445
1415,14,14,295,345
1416,14,15,345,345
1417,14,16,295,445
1418,14,17,125,495
1419,14,18,145,545
1420,14,19,195,565
1421,14,20,245,545
1422,14,21,295,545
1501,15,0,95,210
1502,15,1,145,210
1503,15,2,195,210
1504,15,3,245,210
1505,15,4,295,200
1506,15,5,95,320
1507,15,6,145,320
1508,15,7,195,320
1509,15,8,245,320
1510,15,9,335,235
1511,15,10,345,285
1512,15,11,45,320
1513,15,12,45,370
1514,15,13,145,420
1515,15,14,195,420
1516,15,15,245,420
1517,15,16,345,335
1518,15,17,45,420
1519,15,18,345,385
1520,15,19,45,470
1521,15,20,145,520
1522,15,21,295,420
1601,16,0,195,150
1602,16,1,95,200
1603,16,2,195,200
1604,16,3,245,200
1605,16,4,295,200
1606,16,5,345,200
1607,16,6,95,250
1608,16,7,145,300
1609,16,8,195,310
1610,16,9,245,310
1611,16,10,295,310
1612,16,11,45,320
1613,16,12,95,320
1614,16,13,145,420
1615,16,14,195,420
1616,16,15,245,420
1617,16,16,295,420
1618,16,17,95,420
1619,16,18,145,520
1620,16,19,195,520
1621,16,20,245,520
1622,16,21,295,520
1701,17,0,245,150
1702,17,1,295,150
1703,17,2,195,200
1704,17,3,45,250
1705,17,4,95,250
1706,17,5,145,250
1707,17,6,195,250
1708,17,7,295,250
1709,17,8,295,300
1710,17,9,95,360
1711,17,10,145,360
1712,17,11,195,360
1713,17,12,245,350
1714,17,13,95,470
1715,17,14,145,470
1716,17,15,195,470
1717,17,16,295,370
1718,17,17,345,370
1719,17,18,295,470
1720,17,19,75,575
1721,17,20,125,575
1722,17,21,245,470
1801,18,0,160,155
1802,18,1,245,165
1803,18,2,345,165
1804,18,3,45,225
1805,18,4,55,325
1806,18,5,280,265
1807,18,6,45,275
1808,18,7,165,215
1809,18,8,170,265
1810,18,9,295,165
1811,18,10,45,425
1812,18,11,95,405
1813,18,12,245,405
1814,18,13,280,315
1815,18,14,55,375
1816,18,15,280,365
1817,18,16,65,555
1818,18,17,145,395
1819,18,18,195,395
1820,18,19,45,505
1901,19,0,95,200
1902,19,1,145,200
1903,19,2,195,200
1904,19,3,245,200
1905,19,4,295,200
1906,19,5,295,250
1907,19,6,45,300
1908,19,7,95,300
1909,19,8,145,310
1910,19,9,195,310
1911,19,10,295,300
1912,19,11,45,355
1913,19,12,145,420
1914,19,13,195,420
1915,19,14,295,350
1916,19,15,45,405
1917,19,16,295,405
1918,19,17,45,455
1919,19,18,245,420
1920,19,19,195,520
1921,19,20,245,520
1922,19,21,45,505
2001,20,0,345,150
2002,20,1,45,215
2003,20,2,95,200
2004,20,3,145,200
2005,20,4,195,200
2006,20,5,245,200
2007,20,6,345,200
2008,20,7,45,265
2009,20,8,345,250
2010,20,9,45,315
2011,20,10,145,310
2012,20,11,195,310
2013,20,12,245,310
2014,20,13,295,300
2015,20,14,45,365
2016,20,15,145,420
2017,20,16,195,420
2018,20,17,245,420
2019,20,18,95,420
2020,20,19,95,470
2021,20,20,195,520
2022,20,21,245,520
2023,21,0,145,185
2024,21,1,195,185
2025,21,2,245,185
2026,21,3,295,185
2027,21,4,145,235
2028,21,5,195,235
2029,21,6,245,235
2030,21,7,295,235
2031,21,8,95,335
2032,21,9,145,335
2033,21,10,195,335
2034,21,11,245,335
2035,21,12,95,385
2036,21,13,145,385
2037,21,14,195,385
2038,21,15,245,385
2039,21,16,45,485
2040,21,17,95,485
2041,21,18,145,485
2042,21,19,195,485
2043,21,20,245,485
2044,21,21,245,535
