id,key,staffKey,level,branchKey,battleImageKey,portraitImageKey,spriteScale
1,sprout_level1,sprout,1,,doubao,sprout,0.83
2,sprout_level2,sprout,2,,sprout_level2,sprout_level2,0.96
3,sprout_heavy,sprout,3,sprout_heavy,sprout_heavy,sprout_heavy,1.08
4,sprout_burst,sprout,3,sprout_burst,sprout_burst,sprout_burst,1.08
5,frost_level1,frost,1,,mianmian,frost,0.83
6,frost_level2,frost,2,,frost_level2,frost_level2,0.96
7,frost_deep,frost,3,frost_deep,frost_deep,frost_deep,1.08
8,frost_dual,frost,3,frost_dual,frost_dual,frost_dual,1.08
9,bloom_level1,bloom,1,,buding,bloom,0.83
10,bloom_level2,bloom,2,,bloom_level2,bloom_level2,0.96
11,bloom_focus,bloom,3,bloom_focus,bloom_focus,bloom_focus,1.08
12,bloom_wide,bloom,3,bloom_wide,bloom_wide,bloom_wide,1.08
13,scope_level1,scope,1,,scope,scope,0.83
14,scope_level2,scope,2,,scope_level2,scope_level2,0.96
15,scope_precision,scope,3,scope_precision,scope_precision,scope_precision,1.08
16,scope_pierce,scope,3,scope_pierce,scope_pierce,scope_pierce,1.08
17,spark_level1,spark,1,,spark,spark,0.83
18,spark_level2,spark,2,,spark_level2,spark_level2,0.96
19,spark_focus,spark,3,spark_focus,spark_focus,spark_focus,1.08
20,spark_chain,spark,3,spark_chain,spark_chain,spark_chain,1.08
21,ember_level1,ember,1,,ember,ember,0.83
22,ember_level2,ember,2,,ember_level2,ember_level2,0.96
23,ember_scorch,ember,3,ember_scorch,ember_scorch,ember_scorch,1.08
24,ember_burst,ember,3,ember_burst,ember_burst,ember_burst,1.08
25,mint_level1,mint,1,,mint,mint,0.83
26,mint_level2,mint,2,,mint_level2,mint_level2,0.96
27,mint_focus,mint,3,mint_focus,mint_focus,mint_focus,1.08
28,mint_dual,mint,3,mint_dual,mint_dual,mint_dual,1.08
29,fan_level1,fan,1,,fan,fan,0.83
30,fan_level2,fan,2,,fan_level2,fan_level2,0.96
31,fan_spread,fan,3,fan_spread,fan_spread,fan_spread,1.08
32,fan_volley,fan,3,fan_volley,fan_volley,fan_volley,1.08
