id,key,branchKey,battleImageKey,portraitImageKey,storyKey,summaryKey,tradeoffKey,displayOrder,spriteWidth
1,sprout_heavy,sprout_heavy,sprout_heavy,sprout_heavy,evolution.sprout_heavy.story,branch.sprout_heavy.summary,branch.sprout_heavy.tradeoff,1,88
2,sprout_burst,sprout_burst,sprout_burst,sprout_burst,evolution.sprout_burst.story,branch.sprout_burst.summary,branch.sprout_burst.tradeoff,2,88
3,frost_deep,frost_deep,frost_deep,frost_deep,evolution.frost_deep.story,branch.frost_deep.summary,branch.frost_deep.tradeoff,1,88
4,frost_dual,frost_dual,frost_dual,frost_dual,evolution.frost_dual.story,branch.frost_dual.summary,branch.frost_dual.tradeoff,2,88
5,bloom_focus,bloom_focus,bloom_focus,bloom_focus,evolution.bloom_focus.story,branch.bloom_focus.summary,branch.bloom_focus.tradeoff,1,88
6,bloom_wide,bloom_wide,bloom_wide,bloom_wide,evolution.bloom_wide.story,branch.bloom_wide.summary,branch.bloom_wide.tradeoff,2,88
7,scope_precision,scope_precision,scope_precision,scope_precision,branch.scope_precision.story,branch.scope_precision.summary,branch.scope_precision.tradeoff,1,88
8,scope_pierce,scope_pierce,scope_pierce,scope_pierce,branch.scope_pierce.story,branch.scope_pierce.summary,branch.scope_pierce.tradeoff,2,88
9,spark_focus,spark_focus,spark_focus,spark_focus,branch.spark_focus.story,branch.spark_focus.summary,branch.spark_focus.tradeoff,1,88
10,spark_chain,spark_chain,spark_chain,spark_chain,branch.spark_chain.story,branch.spark_chain.summary,branch.spark_chain.tradeoff,2,88
11,ember_scorch,ember_scorch,ember_scorch,ember_scorch,branch.ember_scorch.story,branch.ember_scorch.summary,branch.ember_scorch.tradeoff,1,88
12,ember_burst,ember_burst,ember_burst,ember_burst,branch.ember_burst.story,branch.ember_burst.summary,branch.ember_burst.tradeoff,2,88
13,mint_focus,mint_focus,mint_focus,mint_focus,branch.mint_focus.story,branch.mint_focus.summary,branch.mint_focus.tradeoff,1,88
14,mint_dual,mint_dual,mint_dual,mint_dual,branch.mint_dual.story,branch.mint_dual.summary,branch.mint_dual.tradeoff,2,88
15,fan_spread,fan_spread,fan_spread,fan_spread,branch.fan_spread.story,branch.fan_spread.summary,branch.fan_spread.tradeoff,1,88
16,fan_volley,fan_volley,fan_volley,fan_volley,branch.fan_volley.story,branch.fan_volley.summary,branch.fan_volley.tradeoff,2,88
