id,key,path
1,menu_shell,ui/menu_shell
2,home,ui/home
3,levels,ui/levels
4,level_card,ui/level_card
5,collection,ui/collection
6,collection_card,ui/collection_card
7,settings,ui/settings
8,setting_row,ui/setting_row
9,notice,ui/notice
10,detail,ui/detail
11,battle_hud,ui/battle_hud
12,pause,ui/pause
13,win,ui/win
14,lose,ui/lose
15,retry,ui/retry
16,button,ui/button
17,sell_button,ui/sell_button
18,build_card,ui/build_card
19,floating_label,ui/floating_label
20,toast,ui/toast
21,obstacle_info,ui/obstacle_info
22,gm,ui/gm
23,guide_hint,ui/guide_hint
24,evolution_card,ui/evolution_card
25,loadout,ui/loadout
26,loadout_card,ui/loadout_card
27,wave_preview,ui/wave_preview
28,enemy_preview_card,ui/enemy_preview_card
29,challenge_pick,ui/challenge_pick
30,challenge_card,ui/challenge_card
