id,levelId,order,spawnInterval,announcement,healthScale,bossHealthScale
101,1,1,0.98,,1,1
102,1,2,0.86,,1,1
103,1,3,0.72,,1,1
104,1,4,0.64,wave.104.announcement,1,1
201,2,1,0.86,,1,1
202,2,2,0.7,,1,1
203,2,3,0.58,,1,1
204,2,4,0.5,wave.204.announcement,1,1
301,3,1,0.62,,1,1
302,3,2,0.54,,1,1
303,3,3,0.46,,1,1
304,3,4,0.4,wave.304.announcement,1,1
401,4,1,0.8,,1,1
402,4,2,0.66,,1,1
403,4,3,0.58,,1,1
404,4,4,0.5,wave.404.announcement,1,1
501,5,1,0.74,,1,1
502,5,2,0.64,,1,1
503,5,3,0.54,,1,1
504,5,4,0.68,wave.504.announcement,1,1
601,6,1,0.7,,1,1
602,6,2,0.6,,1,1
603,6,3,0.51,,1,1
604,6,4,0.44,wave.604.announcement,1,1
701,7,1,0.68,,1,1
702,7,2,0.57,,1,1
703,7,3,0.49,,1,1
704,7,4,0.42,wave.704.announcement,1,1
801,8,1,0.48,wave.801.announcement,1,1
802,8,2,0.68,,1,1
803,8,3,0.38,wave.803.announcement,1,1
804,8,4,0.43,wave.804.announcement,1,1
901,9,1,0.62,,1,1
902,9,2,0.53,,1,1
903,9,3,0.45,,1,1
904,9,4,0.38,wave.904.announcement,1,1
1001,10,1,0.62,,1,1
1002,10,2,0.58,,1,1
1003,10,3,0.47,,1,1
1004,10,4,0.48,,1,1
1005,10,5,0.6,wave.1005.announcement,1,1
1101,11,1,0.66,wave.1101.announcement,1,1
1102,11,2,0.595,,1,1
1103,11,3,0.53,,1,1
1104,11,4,0.465,,1,1
1201,12,1,0.654,wave.1201.announcement,1,1
1202,12,2,0.589,,1,1
1203,12,3,0.524,,1,1
1204,12,4,0.459,,1,1
1301,13,1,0.648,wave.1301.announcement,1,1
1302,13,2,0.583,,1,1
1303,13,3,0.518,,1,1
1304,13,4,0.453,,1,1
1401,14,1,0.642,wave.1401.announcement,1,1
1402,14,2,0.577,,1,1
1403,14,3,0.512,,1,1
1404,14,4,0.447,,1,1
1501,15,1,0.9,wave.1501.announcement,1,1
1502,15,2,0.7,,1,1
1503,15,3,0.52,wave.1503.announcement,1,1
1504,15,4,0.44,,1,1
1505,15,5,0.4,wave.1505.announcement,1,1
1601,16,1,0.63,wave.1601.announcement,0.8,1
1602,16,2,0.565,,1,1
1603,16,3,0.5,,1,1
1604,16,4,0.435,,1,1
1701,17,1,0.624,wave.1701.announcement,0.8,1
1702,17,2,0.559,,1,1
1703,17,3,0.494,,1,1
1704,17,4,0.429,,1,1
1801,18,1,0.618,wave.1801.announcement,1,1
1802,18,2,0.553,,1,1
1803,18,3,0.488,,1,1
1804,18,4,0.423,,1,1
1901,19,1,0.612,wave.1901.announcement,1,1
1902,19,2,0.547,,1,1
1903,19,3,0.482,,1,1
1904,19,4,0.417,,1,1
2001,20,1,0.48,wave.2001.announcement,1,1
2002,20,2,0.64,wave.2002.announcement,1,1
2003,20,3,0.4,wave.2003.announcement,1,1
2004,20,4,0.52,,1,1
2005,20,5,0.4,wave.2005.announcement,1,1
2101,21,1,0.95,,1.8,1.8
2102,21,2,0.9,,2,2
2103,21,3,0.85,,2.3,2.3
2104,21,4,0.8,,2.6,2.6
2105,21,5,0.85,challenge.bossWave,2.9,2.5
2106,21,6,0.75,,3.3,3.3
2107,21,7,0.7,,3.7,3.7
2108,21,8,0.65,,4.1,4.1
2109,21,9,0.7,,4.5,4.5
2110,21,10,0.8,challenge.bossWave,5,6
2111,21,11,0.65,,5.6,5.6
2112,21,12,0.6,,6.2,6.2
2113,21,13,0.65,,6.9,6.9
2114,21,14,0.55,,7.6,7.6
2115,21,15,0.65,challenge.bossWave,8.5,10
