id,waveId,order,enemy,count
1,101,1,normal,6
2,102,1,normal,7
3,103,1,normal,9
4,104,1,normal,12
5,201,1,normal,6
6,201,2,swift,2
7,202,1,normal,6
8,202,2,swift,5
9,203,1,normal,8
10,203,2,swift,6
11,204,1,normal,10
12,204,2,swift,8
13,301,1,normal,10
14,302,1,normal,11
15,302,2,swift,3
16,303,1,normal,14
17,303,2,swift,4
18,304,1,normal,17
19,304,2,swift,5
20,401,1,normal,8
21,401,2,tank,1
22,402,1,normal,9
23,402,2,swift,3
24,403,1,tank,1
25,403,2,normal,10
26,403,3,swift,3
27,404,1,tank,2
28,404,2,normal,12
29,404,3,swift,4
30,501,1,normal,9
31,501,2,swift,3
32,502,1,tank,1
33,502,2,normal,9
34,502,3,swift,3
35,503,1,tank,2
36,503,2,normal,10
37,503,3,swift,4
38,504,1,postmaster,1
39,504,2,normal,10
40,504,3,swift,4
41,504,4,tank,2
42,601,1,shield,1
43,601,2,normal,9
44,601,3,swift,3
45,601,4,tank,1
46,602,1,tank,2
47,602,2,shield,2
48,602,3,normal,8
49,602,4,swift,4
50,603,1,tank,2
51,603,2,shield,3
52,603,3,normal,8
53,603,4,swift,5
54,604,1,tank,3
55,604,2,shield,4
56,604,3,normal,8
57,604,4,swift,6
58,701,1,shield,1
59,701,2,normal,9
60,701,3,swift,3
61,701,4,tank,1
62,702,1,tank,2
63,702,2,shield,2
64,702,3,normal,8
65,702,4,swift,5
66,703,1,tank,2
67,703,2,shield,3
68,703,3,normal,7
69,703,4,swift,5
70,704,1,tank,3
71,704,2,shield,4
72,704,3,normal,8
73,704,4,swift,7
74,801,1,shield,1
75,801,2,normal,10
76,801,3,swift,4
77,801,4,tank,1
78,802,1,tank,2
79,802,2,shield,2
80,802,3,normal,9
81,802,4,swift,5
82,803,1,tank,3
83,803,2,shield,3
84,803,3,normal,8
85,803,4,swift,6
86,804,1,tank,3
87,804,2,shield,4
88,804,3,normal,9
89,804,4,swift,8
90,901,1,shield,1
91,901,2,normal,11
92,901,3,swift,4
93,901,4,tank,2
94,902,1,tank,2
95,902,2,shield,2
96,902,3,normal,10
97,902,4,swift,6
98,903,1,tank,3
99,903,2,shield,3
100,903,3,normal,9
101,903,4,swift,7
102,904,1,tank,4
103,904,2,shield,4
104,904,3,normal,10
105,904,4,swift,8
106,1001,1,shield,1
107,1001,2,normal,9
108,1001,3,swift,3
109,1001,4,tank,1
110,1002,1,tank,2
111,1002,2,shield,2
112,1002,3,normal,8
113,1002,4,swift,4
114,1003,1,tank,2
115,1003,2,shield,3
116,1003,3,normal,9
117,1003,4,swift,5
118,1004,1,tank,3
119,1004,2,shield,4
120,1004,3,normal,9
121,1004,4,swift,7
122,1005,1,lantern,1
123,1005,2,normal,10
124,1005,3,swift,4
125,1005,4,shield,2
126,1101,1,normal,8
127,1101,2,swift,3
128,1101,3,tank,1
129,1101,4,shield,1
130,1101,5,jelly,2
131,1102,1,normal,9
132,1102,2,swift,4
133,1102,3,tank,1
134,1102,4,shield,1
135,1102,5,jelly,2
136,1103,1,normal,10
137,1103,2,swift,5
138,1103,3,tank,2
139,1103,4,shield,1
140,1103,5,jelly,3
141,1104,1,normal,11
142,1104,2,swift,6
143,1104,3,tank,2
144,1104,4,shield,1
145,1104,5,jelly,3
146,1201,1,normal,8
147,1201,2,swift,3
148,1201,3,tank,1
149,1201,4,shield,1
150,1201,5,jelly,2
151,1202,1,normal,9
152,1202,2,swift,4
153,1202,3,tank,1
154,1202,4,shield,1
155,1202,5,jelly,2
156,1203,1,normal,10
157,1203,2,swift,5
158,1203,3,tank,2
159,1203,4,shield,1
160,1203,5,jelly,3
161,1204,1,normal,11
162,1204,2,swift,6
163,1204,3,tank,2
164,1204,4,shield,1
165,1204,5,jelly,3
166,1301,1,normal,8
167,1301,2,swift,3
168,1301,3,tank,1
169,1301,4,shield,1
170,1301,5,jelly,2
171,1302,1,normal,9
172,1302,2,swift,4
173,1302,3,tank,1
174,1302,4,shield,1
175,1302,5,jelly,2
176,1303,1,normal,10
177,1303,2,swift,5
178,1303,3,tank,2
179,1303,4,shield,1
180,1303,5,jelly,3
181,1304,1,normal,11
182,1304,2,swift,6
183,1304,3,tank,2
184,1304,4,shield,1
185,1304,5,jelly,3
186,1401,1,normal,9
187,1401,2,swift,3
188,1401,3,tank,1
189,1401,4,shield,1
190,1401,5,jelly,2
191,1402,1,normal,10
192,1402,2,swift,4
193,1402,3,tank,1
194,1402,4,shield,1
195,1402,5,jelly,2
196,1403,1,normal,11
197,1403,2,swift,5
198,1403,3,tank,2
199,1403,4,shield,1
200,1403,5,jelly,3
201,1404,1,normal,12
202,1404,2,swift,6
203,1404,3,tank,2
204,1404,4,shield,1
205,1404,5,jelly,3
206,1501,1,normal,9
207,1501,2,swift,3
208,1501,3,tank,1
209,1501,4,shield,2
210,1501,5,jelly,2
211,1502,1,normal,10
212,1502,2,swift,4
213,1502,3,tank,1
214,1502,4,shield,2
215,1502,5,jelly,2
216,1503,1,normal,11
217,1503,2,swift,5
218,1503,3,tank,2
219,1503,4,shield,2
220,1503,5,jelly,3
221,1504,1,normal,12
222,1504,2,swift,6
223,1504,3,tank,2
224,1504,4,shield,2
225,1504,5,jelly,3
226,1505,1,chef,1
227,1505,2,normal,10
228,1505,3,swift,5
229,1505,4,jelly,3
230,1601,1,normal,9
231,1601,2,swift,3
232,1601,3,tank,1
233,1601,4,shield,2
234,1601,5,jelly,2
235,1601,6,runner,2
236,1602,1,normal,10
237,1602,2,swift,4
238,1602,3,tank,1
239,1602,4,shield,2
240,1602,5,jelly,2
241,1602,6,runner,3
242,1603,1,normal,11
243,1603,2,swift,5
244,1603,3,tank,2
245,1603,4,shield,2
246,1603,5,jelly,3
247,1603,6,runner,4
248,1604,1,normal,12
249,1604,2,swift,6
250,1604,3,tank,2
251,1604,4,shield,2
252,1604,5,jelly,3
253,1604,6,runner,5
254,1701,1,normal,10
255,1701,2,swift,3
256,1701,3,tank,1
257,1701,4,shield,2
258,1701,5,jelly,2
259,1701,6,runner,2
260,1702,1,normal,11
261,1702,2,swift,4
262,1702,3,tank,1
263,1702,4,shield,2
264,1702,5,jelly,2
265,1702,6,runner,3
266,1703,1,normal,12
267,1703,2,swift,5
268,1703,3,tank,2
269,1703,4,shield,2
270,1703,5,jelly,3
271,1703,6,runner,4
272,1704,1,normal,13
273,1704,2,swift,6
274,1704,3,tank,2
275,1704,4,shield,2
276,1704,5,jelly,3
277,1704,6,runner,5
278,1801,1,normal,10
279,1801,2,swift,3
280,1801,3,tank,1
281,1801,4,shield,2
282,1801,5,jelly,2
283,1801,6,runner,2
284,1802,1,normal,11
285,1802,2,swift,4
286,1802,3,tank,1
287,1802,4,shield,2
288,1802,5,jelly,2
289,1802,6,runner,3
290,1803,1,normal,12
291,1803,2,swift,5
292,1803,3,tank,2
293,1803,4,shield,2
294,1803,5,jelly,3
295,1803,6,runner,4
296,1804,1,normal,13
297,1804,2,swift,6
298,1804,3,tank,2
299,1804,4,shield,2
300,1804,5,jelly,3
301,1804,6,runner,5
302,1901,1,normal,10
303,1901,2,swift,3
304,1901,3,tank,1
305,1901,4,shield,3
306,1901,5,jelly,2
307,1901,6,runner,2
308,1902,1,normal,11
309,1902,2,swift,4
310,1902,3,tank,1
311,1902,4,shield,3
312,1902,5,jelly,2
313,1902,6,runner,3
314,1903,1,normal,12
315,1903,2,swift,5
316,1903,3,tank,2
317,1903,4,shield,3
318,1903,5,jelly,3
319,1903,6,runner,4
320,1904,1,normal,13
321,1904,2,swift,6
322,1904,3,tank,2
323,1904,4,shield,3
324,1904,5,jelly,3
325,1904,6,runner,5
326,2001,1,normal,11
327,2001,2,swift,3
328,2001,3,tank,1
329,2001,4,shield,3
330,2001,5,jelly,2
331,2001,6,runner,2
332,2002,1,normal,12
333,2002,2,swift,4
334,2002,3,tank,1
335,2002,4,shield,3
336,2002,5,jelly,2
337,2002,6,runner,3
338,2003,1,normal,13
339,2003,2,swift,5
340,2003,3,tank,2
341,2003,4,shield,3
342,2003,5,jelly,3
343,2003,6,runner,4
344,2004,1,normal,14
345,2004,2,swift,6
346,2004,3,tank,2
347,2004,4,shield,3
348,2004,5,jelly,3
349,2004,6,runner,5
350,2005,1,clock,1
351,2005,2,normal,10
352,2005,3,swift,5
353,2005,4,jelly,3
354,2005,5,runner,4
448,2006,1,normal,3
449,2006,2,swift,2
450,2007,1,normal,3
451,2007,2,swift,2
452,2008,1,normal,3
453,2008,2,swift,2
454,2009,1,normal,3
455,2009,2,swift,2
456,2009,3,shield,1
457,2010,1,normal,3
458,2010,2,swift,2
459,2010,3,shield,1
460,2011,1,normal,3
461,2011,2,swift,1
462,2012,1,normal,4
463,2012,2,swift,2
464,2012,3,shield,2
465,2013,1,normal,4
466,2013,2,swift,2
467,2013,3,shield,2
468,2014,1,normal,4
469,2014,2,swift,2
470,2014,3,shield,3
471,2015,1,normal,4
472,2015,2,swift,2
473,2015,3,shield,3
474,2016,1,normal,4
475,2016,2,swift,2
476,2016,3,shield,3
477,2017,1,normal,4
478,2017,2,swift,2
479,2018,1,normal,5
480,2018,2,swift,3
481,2018,3,shield,3
482,2019,1,postmaster,1
483,2019,2,normal,5
484,2019,3,swift,3
485,2019,4,shield,3
486,2020,1,normal,5
487,2020,2,swift,3
488,2020,3,shield,3
489,2020,4,runner,1
490,2021,1,normal,5
491,2021,2,swift,3
492,2021,3,shield,3
493,2021,4,runner,1
494,2022,1,normal,5
495,2022,2,swift,3
496,2022,3,shield,3
497,2022,4,runner,1
498,2023,1,normal,5
499,2023,2,swift,2
500,2024,1,normal,6
501,2024,2,swift,3
502,2024,3,shield,4
503,2024,4,runner,1
504,2025,1,normal,6
505,2025,2,swift,3
506,2025,3,shield,4
507,2025,4,runner,1
508,2026,1,clock,1
509,2026,2,postmaster,1
510,2026,3,normal,6
511,2026,4,swift,3
512,2026,5,shield,4
513,2026,6,runner,1
